RecordedDate,Finished,var_ses,treatment,criterion,demo_sets_attempted,demo_sets_completed,demo_mistakes,sets_attempted,sets_completed,mistakes,Q9.1,Q9.2,Q9.2_7_TEXT,Q9.3,Q9.4,Q9.5,Q9.6,Q9.7,Q9.7_8_TEXT,Q9.8,Q9.9,Q9.10,Q9.11,Q9.12,Q9.12_4_TEXT,Q9.13,Q10.1_1,Q10.1_3,Q10.1_4,Q10.1_5,Q10.1_6,Q10.1_2,Q10.1_7,Q11.1_1,Q11.1_3,Q11.1_4,Q11.1_5,Q11.1_6,Q11.1_2,Q11.1_9,Q2.1_Page Submit,Q1.1_Page Submit,Q2.1_Page Submit,Q3.1_Page Submit,Q4.1_Page Submit
Recorded Date,Finished,var_ses,treatment,criterion,demo_sets_attempted,demo_sets_completed,demo_mistakes,sets_attempted,sets_completed,mistakes,Gender,Race - Selected Choice,Race - Other - Text,Year of birth,Annual household income (in USD),Educational level,Did you study economics at the undergraduate level or higher?,What is your occupational type? - Selected Choice,What is your occupational type? - Other - Text,Did you use a mouse to complete the task?,Did you try to achieve the targets for the task?,"During the task, how many sets did you aim to complete?","During the task, how many mistakes did you aim to limit yourself to?","If you did not try to achieve one or both of the set targets, why? - Selected Choice","If you did not try to achieve one or both of the set targets, why? - Other - Text","Did the explanation of how to achieve both targets, including the table, make it easier and/or make you more motivated to achieve both targets?","Imagine you are asked to do the same slider task, where all mistakes made will be caught and counted, and you are paid per correctly completed set at the different rates shown below. For each rate, please indicate the number of tasks (between 0 and 1000) you would be willing to attempt. - 5 cents","Imagine you are asked to do the same slider task, where all mistakes made will be caught and counted, and you are paid per correctly completed set at the different rates shown below. For each rate, please indicate the number of tasks (between 0 and 1000) you would be willing to attempt. - 7.5 cents","Imagine you are asked to do the same slider task, where all mistakes made will be caught and counted, and you are paid per correctly completed set at the different rates shown below. For each rate, please indicate the number of tasks (between 0 and 1000) you would be willing to attempt. - 10 cents","Imagine you are asked to do the same slider task, where all mistakes made will be caught and counted, and you are paid per correctly completed set at the different rates shown below. For each rate, please indicate the number of tasks (between 0 and 1000) you would be willing to attempt. - 12.5 cents","Imagine you are asked to do the same slider task, where all mistakes made will be caught and counted, and you are paid per correctly completed set at the different rates shown below. For each rate, please indicate the number of tasks (between 0 and 1000) you would be willing to attempt. - 15 cents","Imagine you are asked to do the same slider task, where all mistakes made will be caught and counted, and you are paid per correctly completed set at the different rates shown below. For each rate, please indicate the number of tasks (between 0 and 1000) you would be willing to attempt. - 17.5 cents","Imagine you are asked to do the same slider task, where all mistakes made will be caught and counted, and you are paid per correctly completed set at the different rates shown below. For each rate, please indicate the number of tasks (between 0 and 1000) you would be willing to attempt. - 20 cents","Imagine you are asked to do the same slider task, where all mistakes made will be caught and counted, and you are paid per correctly completed set at the different rates shown below. For each rate, please indicate the number of tasks (between 0 and 1000) you would be willing to attempt. - 50% chance of 2 cents,                 50% chance of 8 cents","Imagine you are asked to do the same slider task, where all mistakes made will be caught and counted, and you are paid per correctly completed set at the different rates shown below. For each rate, please indicate the number of tasks (between 0 and 1000) you would be willing to attempt. - 50% chance of 4 cents,                 50% chance of 11 cents","Imagine you are asked to do the same slider task, where all mistakes made will be caught and counted, and you are paid per correctly completed set at the different rates shown below. For each rate, please indicate the number of tasks (between 0 and 1000) you would be willing to attempt. - 50% chance of 5 cents,                 50% chance of 15 cents","Imagine you are asked to do the same slider task, where all mistakes made will be caught and counted, and you are paid per correctly completed set at the different rates shown below. For each rate, please indicate the number of tasks (between 0 and 1000) you would be willing to attempt. - 50% chance of 6 cents,                 50% chance of 19 cents","Imagine you are asked to do the same slider task, where all mistakes made will be caught and counted, and you are paid per correctly completed set at the different rates shown below. For each rate, please indicate the number of tasks (between 0 and 1000) you would be willing to attempt. - 50% chance of 8 cents,                 50% chance of 22 cents","Imagine you are asked to do the same slider task, where all mistakes made will be caught and counted, and you are paid per correctly completed set at the different rates shown below. For each rate, please indicate the number of tasks (between 0 and 1000) you would be willing to attempt. - 50% chance of 9 cents,                 50% chance of 26 cents","Imagine you are asked to do the same slider task, where all mistakes made will be caught and counted, and you are paid per correctly completed set at the different rates shown below. For each rate, please indicate the number of tasks (between 0 and 1000) you would be willing to attempt. - 50% chance of 10 cents,               50% chance of 30 cents",Timing - Page Submit,Timing - Page Submit,Timing - Page Submit,Timing - Page Submit,Timing - Page Submit
"{""ImportId"":""recordedDate"",""timeZone"":""America/Denver""}","{""ImportId"":""finished""}","{""ImportId"":""var_ses""}","{""ImportId"":""treatment""}","{""ImportId"":""criterion""}","{""ImportId"":""demo_sets_attempted""}","{""ImportId"":""demo_sets_completed""}","{""ImportId"":""demo_mistakes""}","{""ImportId"":""sets_attempted""}","{""ImportId"":""sets_completed""}","{""ImportId"":""mistakes""}","{""ImportId"":""QID1321315406""}","{""ImportId"":""QID1321315389""}","{""ImportId"":""QID1321315389_7_TEXT""}","{""ImportId"":""QID1321315405_TEXT""}","{""ImportId"":""QID1321315404""}","{""ImportId"":""QID1321315403""}","{""ImportId"":""QID1321315402""}","{""ImportId"":""QID1321379517""}","{""ImportId"":""QID1321379517_8_TEXT""}","{""ImportId"":""QID1321315394""}","{""ImportId"":""QID1321315387""}","{""ImportId"":""QID1321315375_TEXT""}","{""ImportId"":""QID1321315374_TEXT""}","{""ImportId"":""QID1321315373""}","{""ImportId"":""QID1321315373_4_TEXT""}","{""ImportId"":""QID1321315399""}","{""ImportId"":""QID1321315398_1""}","{""ImportId"":""QID1321315398_3""}","{""ImportId"":""QID1321315398_4""}","{""ImportId"":""QID1321315398_5""}","{""ImportId"":""QID1321315398_6""}","{""ImportId"":""QID1321315398_2""}","{""ImportId"":""QID1321315398_7""}","{""ImportId"":""QID1321315397_1""}","{""ImportId"":""QID1321315397_3""}","{""ImportId"":""QID1321315397_4""}","{""ImportId"":""QID1321315397_5""}","{""ImportId"":""QID1321315397_6""}","{""ImportId"":""QID1321315397_2""}","{""ImportId"":""QID1321315397_9""}","{""ImportId"":""QID51_PAGE_SUBMIT""}","{""ImportId"":""QID1321393363_PAGE_SUBMIT""}","{""ImportId"":""QID1321315371_PAGE_SUBMIT""}","{""ImportId"":""QID1321315370_PAGE_SUBMIT""}","{""ImportId"":""QID1321315369_PAGE_SUBMIT""}"
2025-04-22 15:40:25,True,79061,4,lenient,4,4,3,61,9,55,Non-binary,Other,test,1989,"200,000 and over",Below high school diploma,No,Other,test,No,Yes but only for accuracy target,test test test,test test test i am a test participant,Other,TEST,,3,6,5,4,2,1,7,0,0,0,0,0,0,0,3.606,,,,2.267
2025-04-22 18:33:15,True,test,1,strict,3,2,1,2,0,2,,,,,,,,,,,,,,,,,,,,,,,,,,,,,,,2.48,2.378,,,
2025-04-22 19:35:28,True,test,1,strict,1,0,1,1,0,1,,,,,,,,,,,,,,,,,,,,,,,,,,,,,,,2.118,1.185,,,
2025-04-23 10:50:17,True,79061,1,strict,4,3,1,61,0,61,Non-binary,Other,test,2000,"200,000 and over",College/ university degree or equivalent or above,,Other,test,No,,test,test,,,,0,0,0,0,0,0,0,test,test,test,test,test,test,test,2.749,7.838,,,
2025-04-23 14:36:11,True,,,,,,,,,,,,,,,,,,,,,,,,,,,,,,,,,,,,,,,,,,,,
2025-04-23 15:45:19,True,79061,2,lenient,13,0,13,51,5,46,Male,Other,test,1900,"0 - 24,999",Below high school diploma,Yes,Other,test,Yes,Yes for both targets.,test,test,,,Yes,1,1,1,1,1,1,1,1,1,1,1,1,1,1,2.376,,1.632,,
2025-04-23 15:49:17,True,79061,,,,,,,,,,,,,,,,,,,,,,,,,,,,,,,,,,,,,,,,,,,
2025-04-23 15:50:09,True,79061,,,,,,,,,,,,,,,,,,,,,,,,,,,,,,,,,,,,,,,,,,,
2025-04-23 15:50:27,True,79061,,,,,,,,,,,,,,,,,,,,,,,,,,,,,,,,,,,,,,,,,,,
2025-04-24 09:49:19,True,79061,2,lenient,10,2,8,15,2,14,Non-binary,Other,,test,"200,000 and over",Below high school diploma,No,Other,test,No,No for both targets,test test test test,test test test,Other,i am test,Yes,test,test,test,test,test,test,test,0,0,0,0,0,0,0,2.367,,12.66,,
2025-04-24 10:03:19,True,88657,1,strict,5,5,0,23,23,1,Male,Hispanic,,2006,"25,000 - 49,999",High school diploma,No,Student,,Yes,,25,1-2,,,,100,100,50,50,50,50,50,50,25,50,50,50,50,50,12.993,2.286,,,
2025-04-24 10:03:56,True,85446,3,lenient,6,6,0,30,30,0,Female,White,,1997,"75,000 - 119,999",College/ university degree or equivalent or above,No,"Professional services (e.g. accounting, banking, consulting)",,Yes,Yes but only for accuracy target,,none,Did not care about target(s),,No,,,,,,,,,,,,,,,10.739,,,21.646,
2025-04-24 10:05:18,True,54300,3,strict,5,5,0,23,23,0,Male,White,,1984,"120,000 - 199,999",College/ university degree or equivalent or above,Yes,"Professional services (e.g. accounting, banking, consulting)",,Yes,Yes but only for accuracy target,25,0,Too difficult to achieve target(s),,No,,,,,,,,10,10,20,10,20,20,20,9.313,,,18.493,
2025-04-24 10:09:01,True,83945,4,lenient,5,5,0,28,28,2,Male,White,,1985,"200,000 and over",College/ university degree or equivalent or above,No,"Professional services (e.g. accounting, banking, consulting)",,No,Yes but only for accuracy target,45,4,Too difficult to achieve target(s),,,200,250,500,600,750,850,1000,50,200,290,500,690,500,800,10.193,,,,174.49
2025-04-24 10:09:29,True,58936,2,strict,4,4,0,28,28,3,Female,Asian,,1997,"50,000 - 74,999",College/ university degree or equivalent or above,No,Academia,,No,Yes but only for accuracy target,,,Did not care about target(s),,No,5,6,7,7,7,8,10,5,10,8,15,15,15,20,24.98,,40.35,,
2025-04-24 10:10:50,True,64682,4,lenient,5,5,1,22,22,0,Female,White,,1995,"25,000 - 49,999",College/ university degree or equivalent or above,No,Academia,,Yes,Yes for both targets.,all,0,,,,10,10,10,10,10,10,150,10,10,10,20,5,5,20,2.941,,,,2.444
2025-04-24 10:11:27,True,66117,2,lenient,4,4,1,23,23,2,Female,White,,1978,"0 - 24,999",High school diploma,No,Managerial,,No,Yes for both targets.,"I aimed to complete all of them. However, I was scored incorrectly because I did not make a mistake and it scored me at a 0.5 mistake rate but I didn't make any.",0,,,No,1000,1000,1000,1000,1000,1000,1000,1000,1000,1000,1000,1000,1000,1000,48.728,,39.662,,
2025-04-24 10:12:21,True,91229,4,strict,3,3,0,20,19,1,Female,White,,2005,"120,000 - 199,999",High school diploma,No,Student,,No,Yes for both targets.,30,0,,,,1000,1000,1000,1000,1000,1000,1000,0,0,0,0,0,0,500,73.354,,,,46.264
2025-04-24 10:14:10,True,test,4,lenient,2,1,2,8,6,6,,,,,,,,,,,,,,,,,,,,,,,,,,,,,,,2.675,,,,12.689
2025-04-24 10:14:27,True,91213,2,lenient,5,5,0,21,21,0,Female,White,,2004,"0 - 24,999",College/ university degree or equivalent or above,No,Other,Educational Aide,No,Yes for both targets.,45,2,,,Yes,1,1,1,2,1,1,1,2,2,2,2,3,4,2,23.878,,49.854,,
2025-04-24 10:15:12,True,89554,2,lenient,3,3,0,21,21,0,Male,White,,1986,"0 - 24,999",College/ university degree or equivalent or above,No,Other,Customer Service,Yes,Yes for both targets.,At least 20,"0. I donÂ´t like mistakes. ",,,Yes,0,0,15,20,10,30,35,0,0,0,0,0,20,50,15.239,,123.974,,
2025-04-24 10:15:12,True,84374,1,strict,6,6,0,19,17,2,Male,White,,2006,"200,000 and over",High school diploma,No,Student,,Yes,,as many as I could before I got bored,No mistakes,,,,10,20,10,30,30,50,50,10,10,10,10,20,20,50,5.274,4.539,,,
2025-04-24 10:16:09,True,75082,4,lenient,4,4,0,20,20,0,Female,Hispanic,,1987,"75,000 - 119,999",College/ university degree or equivalent or above,No,Academia,,No,Yes for both targets.,30,0,,,,30,30,50,50,70,60,80,30,30,30,30,40,50,50,22.493,,,,30.73
2025-04-24 10:16:30,True,68863,2,lenient,6,6,0,28,28,4,Male,White,,1971,"200,000 and over",College/ university degree or equivalent or above,Yes,"Professional services (e.g. accounting, banking, consulting)",,Yes,Yes for both targets.,all,as few as possible,,,Yes,0,0,0,0,0,0,0,0,0,0,0,0,0,0,16.025,,62.458,,
2025-04-24 10:16:36,True,71483,1,strict,3,3,0,14,14,6,Female,Other,ghanaian American biracial,1971,"200,000 and over",College/ university degree or equivalent or above,No,Other,Writer,Yes,,14,0,,,,20,20,20,20,20,20,20,20,20,20,20,20,20,20,35.191,10.74,,,
2025-04-24 10:17:04,True,89353,1,strict,4,4,0,20,20,0,Female,White,,2004,"75,000 - 119,999",College/ university degree or equivalent or above,No,Student,,No,,25,0,,,,200,400,500,650,750,850,1000,100,250,500,500,750,1000,1000,11.324,8.281,,,
2025-04-24 10:17:49,True,90798,3,lenient,4,4,0,21,21,0,Female,White,,2004,"200,000 and over",College/ university degree or equivalent or above,Yes,Student,,No,Yes but only for accuracy target,I completed 21 sets.,0,Other,n/a,Yes,4,20,20,15,20,50,50,20,20,20,20,20,20,20,20.798,,,25.584,
2025-04-24 10:17:50,True,89350,4,lenient,4,4,0,23,23,0,Male,White,,1989,"25,000 - 49,999",College/ university degree or equivalent or above,Yes,Student,,Yes,Yes for both targets.,No goal.,Zero.,,,,20,20,20,20,20,20,20,20,20,20,20,20,20,20,11.163,,,,32.108
2025-04-24 10:18:30,True,70606,3,strict,4,4,1,21,21,3,Female,White,,2001,"25,000 - 49,999",College/ university degree or equivalent or above,No,Student,,No,Yes for both targets.,All,2,,,Yes,10,10,15,20,20,50,50,0,5,10,10,15,15,20,44.811,,,39.849,
2025-04-24 10:19:16,True,84541,1,strict,4,4,0,16,16,5,Male,Black,,2002,"50,000 - 74,999",College/ university degree or equivalent or above,No,Other,Freelance Digital Creator,No,,All,3,,,,200,200,250,250,400,350,500,200,400,400,570,550,500,1000,17.713,3.417,,,
2025-04-24 10:20:29,True,61076,4,strict,4,4,0,19,19,0,Female,White,,1974,"200,000 and over",College/ university degree or equivalent or above,No,"Professional services (e.g. accounting, banking, consulting)",,No,Yes for both targets.,100%,0,,,,50,50,100,100,100,250,250,0,25,100,50,50,200,100,8.641,,,,22.561
2025-04-24 10:21:19,True,89520,1,strict,4,1,3,20,19,2,Female,Asian,,2000,"75,000 - 119,999",College/ university degree or equivalent or above,No,Unemployed,,No,,Not sure,0,,,,0,0,1,1,1,1,2,1,2,4,3,2,5,20,1.149,0.902,,,
2025-04-24 10:21:57,True,68975,4,lenient,4,4,0,20,20,0,Female,Asian,,2005,"0 - 24,999",College/ university degree or equivalent or above,No,Academia,,No,Yes for both targets.,40,0,,,,1000,1000,1000,1000,1000,1000,1000,1000,1000,1000,1000,1000,1000,1000,13.704,,,,27.485
2025-04-24 10:22:21,True,89528,2,lenient,4,4,0,22,21,2,Non-binary,White,,2004,"0 - 24,999",High school diploma,No,Academia,,Yes,Yes for both targets.,22,0,,,Yes,100,100,100,100,100,100,100,50,100,100,100,100,100,100,12.46,,12.681,,
2025-04-24 10:22:23,True,86790,3,strict,5,5,0,24,24,0,Female,Asian,,2004,"120,000 - 199,999",High school diploma,No,Student,,Yes,Yes for both targets.,At least a 20,0 mistakes,,,Yes,200,250,300,500,400,900,1000,200,250,400,350,300,900,1000,23.349,,,32.53,
2025-04-24 10:24:01,True,55289,3,strict,4,4,0,27,27,0,Female,Black,,1995,"75,000 - 119,999",College/ university degree or equivalent or above,No,"Professional services (e.g. accounting, banking, consulting)",,Yes,Yes for both targets.,25,1,,,Yes,100,100,100,200,700,700,1000,100,150,100,100,100,300,500,20.198,,,77.048,
2025-04-24 10:25:37,True,89439,1,strict,4,4,0,23,22,1,Female,White,,2006,"120,000 - 199,999",High school diploma,No,Student,,No,,10,0,,,,250,500,500,500,500,1000,1000,Maybe 50,I would probably do like 100,I would probably do like 250,400,I would probably do 500,I would probably do like 500,750,14.664,6.998,,,
2025-04-24 10:26:12,True,88207,4,lenient,6,6,0,35,35,1,Female,Asian,,2000,"50,000 - 74,999",College/ university degree or equivalent or above,No,Academia,,Yes,Yes but only for accuracy target,45,1,Too difficult to achieve target(s),,,5,10,15,20,25,30,35,20,30,20,25,60,50,55,12.763,,,,86.385
2025-04-24 10:28:12,True,85523,2,lenient,7,5,2,27,26,1,Female,White,,2004,"200,000 and over",High school diploma,No,Student,,No,Yes but only for accuracy target,I knew I couldnt do 45 but I tried to do 45 with as much accuracy as possible.,"I wanted to limit myself to 4 mistakes, but I ended up not having time",Too difficult to achieve target(s),,Yes,300,100,500,800,900,1000,1000,50,300,800,500,500,800,600,9.051,,40.513,,
2025-04-24 10:28:22,True,90839,2,strict,4,4,0,24,24,6,Female,White,,2006,"75,000 - 119,999",High school diploma,No,Student,,No,Yes but only for accuracy target,45,5,Too difficult to achieve target(s),,Yes,60,55,50,45,30,28,25,60,50,40,30,30,30,28,42.819,,49.503,,
2025-04-24 10:32:34,True,87601,3,lenient,4,4,2,22,22,1,Male,White,,1994,"50,000 - 74,999",College/ university degree or equivalent or above,No,Other,Early Education,Yes,Yes for both targets.,"As many as possible, but I think I was more hung up on accuracy","I tried to be perfect, because I assumed that some mistakes would happen involuntarily",,,Yes,50,50,100,100,200,200,200,50,50,50,100,100,100,200,41.804,,,66.415,
2025-04-24 10:32:47,True,71601,1,strict,5,5,1,25,25,1,Female,Hispanic,,1996,"75,000 - 119,999",College/ university degree or equivalent or above,No,Academia,,No,,"About 25, I forgot.",I wanted zero mistakes.,,,,50,50,50,100,50,200,50,50,75,100,100,100,100,200,32.447,6.332,,,
2025-04-24 10:33:20,True,55758,2,lenient,4,4,0,21,21,1,Female,White,,1974,"75,000 - 119,999",College/ university degree or equivalent or above,No,Clerical,,Yes,Yes for both targets.,30,2,,,Yes,5,6,7,7,9,10,10,5,6,7,6,8,9,10,14.557,,14.598,,
2025-04-24 10:34:02,True,89893,3,strict,2,2,1,18,18,0,Male,Asian,,,"120,000 - 199,999",College/ university degree or equivalent or above,Yes,High-tech manufacturing and engineering,,Yes,Yes for both targets.,,,,,Yes,0,0,0,0,0,0,1000,0,0,0,0,1000,1000,1000,160.755,,,70.58,
2025-04-24 10:35:20,True,82466,1,strict,5,5,1,21,21,0,Male,Black,,1995,"0 - 24,999",College/ university degree or equivalent or above,No,Student,,Yes,,25,0,,,,1000,500,800,750,1000,850,900,"10,60","20,55","25,600","30,650","60,700","70,750","50,1000",82.048,11.139,,,
2025-04-24 10:35:28,True,55947,3,lenient,3,3,0,15,15,0,Male,White,,1968,"50,000 - 74,999",College/ university degree or equivalent or above,Yes,Other,Legal,No,Yes for both targets.,45,4,,,Yes,10,15,20,25,30,35,40,10,15,20,25,30,35,40,64.467,,,143.116,
2025-04-24 10:35:37,True,84890,4,strict,5,5,0,29,29,1,Male,Asian,,1992,"0 - 24,999",,No,Academia,,Yes,Yes for both targets.,40,0,,,,300,200,700,600,1000,500,400,100,50,300,25,400,200,500,40.224,,,,48.897
2025-04-24 10:35:59,True,89011,4,lenient,4,4,0,23,23,0,Female,White,,1995,"25,000 - 49,999",High school diploma,No,Other,accounting,Yes,Yes for both targets.,30,0,,,,,,,,,,,,,,,,,,14.417,,,,21.548
2025-04-24 10:39:03,True,54873,3,strict,3,3,0,17,17,0,Female,Black,,1997,,College/ university degree or equivalent or above,Yes,Clerical,,Yes,Yes for both targets.,20,0,,,Yes,200,300,300,300,500,600,1000,500,300,1000,500,1000,700,1000,21.629,,,30.265,
2025-04-24 10:40:29,True,75937,1,strict,3,3,0,9,9,2,Female,White,,1999,"0 - 24,999",College/ university degree or equivalent or above,No,Academia,,Yes,,8,2,,,,,,,,,,,,,,,,,,15.794,2.287,,,
2025-04-24 10:41:28,True,69855,4,lenient,4,4,0,24,24,0,Female,Other,prefer not to say,1999,"0 - 24,999",College/ university degree or equivalent or above,No,Other,Healthcare,Yes,Yes but only for accuracy target,,,Other,OCD,,,,,,,,,,,,,,,,13.357,,,,21.327
2025-04-24 10:41:38,True,87580,4,strict,4,4,0,20,20,0,Female,Black,,1995,"50,000 - 74,999",College/ university degree or equivalent or above,No,Other,Medicine,No,Yes for both targets.,15,0,,,,100,100,100,100,100,100,100,100,100,100,100,100,100,100,23.067,,,,43.307
2025-04-24 10:42:56,True,64969,1,strict,4,4,0,18,18,0,Female,White,,1994,"75,000 - 119,999",College/ university degree or equivalent or above,No,Other,Independent Contractor,No,,20,0,,,,5,5,10,6,15,15,20,5,5,10,3,20,10,20,78.376,15.445,,,
2025-04-24 10:43:34,True,91153,3,strict,6,6,0,31,31,1,Female,White,,2000,"50,000 - 74,999",College/ university degree or equivalent or above,No,Other,,Yes,Yes for both targets.,as many as possible,0,,,Yes,50,75,100,125,150,175,200,50,50,50,100,100,100,100,25.716,,,27.716,
2025-04-24 10:45:39,True,67676,1,strict,3,3,0,20,20,0,Male,Asian,,2000,"0 - 24,999",College/ university degree or equivalent or above,Yes,Academia,,Yes,,25,0,,,,20,20,20,20,20,20,20,20,20,20,20,20,20,20,7.342,2.869,,,
2025-04-24 10:45:53,True,62428,1,strict,6,6,0,37,37,6,Male,Asian,,1995,"75,000 - 119,999",College/ university degree or equivalent or above,Yes,High-tech manufacturing and engineering,,Yes,,20,5,,,,200,300,500,600,700,800,1000,200,400,300,500,700,800,1000,13.031,2.283,,,
2025-04-24 10:45:55,True,90000,2,lenient,4,4,0,22,22,0,Female,Asian,,2007,,High school diploma,No,Student,,No,Yes but only for accuracy target,30,0,Too difficult to achieve target(s),,Yes,5,5,5,40-50,40-50,40-50,50-75,5,5,10,10,30-40,40-50,75,22.1,,7.663,,
2025-04-24 10:47:43,True,57747,3,strict,4,4,0,28,28,1,Female,White,,1999,"25,000 - 49,999",College/ university degree or equivalent or above,No,Student,,Yes,Yes but only for accuracy target,45,4,"Too difficult to achieve target(s),Did not care about target(s)",,Yes,10,10,30,10,20,20,30,5,5,10,10,10,10,30,14.056,,,48.613,
2025-04-24 10:48:16,True,63006,2,lenient,3,2,1,14,14,0,Male,Asian,,,"75,000 - 119,999",College/ university degree or equivalent or above,No,Managerial,,No,Yes for both targets.,As many as possible,,,,Yes,20,20,20,20,20,20,20,20,10,1/,20,10,20,50,27.236,,3.923,,
2025-04-24 10:49:00,True,75564,3,strict,5,5,0,31,31,0,Female,Asian,,2002,"120,000 - 199,999",College/ university degree or equivalent or above,Yes,High-tech manufacturing and engineering,,No,Yes for both targets.,20,0,,,Yes,10,15,20,30,35,40,50,10,20,30,40,50,80,100,7.01,,,10.52,
2025-04-24 10:50:17,True,83786,2,lenient,5,5,0,31,31,1,Male,Hispanic,,24,"120,000 - 199,999",College/ university degree or equivalent or above,No,Student,,Yes,Yes but only for accuracy target,I didn't have a particular number in mind. I knew I needed to go around 45 but I just tried to do as many as accurately as possible,"I wanted to make 0 mistakes ",Did not care about target(s),,Yes,200,500,600,700,900,1000,1000,300,600,650,500,700,800,1000,25.8,,48.27,,
2025-04-24 10:50:28,True,65667,2,strict,6,6,0,27,27,0,Female,Other,"Biracial, Black/White",1999,"120,000 - 199,999",College/ university degree or equivalent or above,No,Student,,No,Yes for both targets.,45,0,,,Yes,20,10,20,30,20,50,100,10,15,15,20,25,20,40,12.758,,14.872,,
2025-04-24 10:51:46,True,86368,1,strict,4,2,3,15,13,3,Male,Black,,1986,"0 - 24,999",College/ university degree or equivalent or above,No,Student,,No,,15,2,,,,4,69,4,10,6,50,4,100,600,80,3000,60,90,50,3.19,11.259,,,
2025-04-24 10:53:14,True,75085,1,strict,4,4,1,17,17,1,Female,White,,1994,"25,000 - 49,999",College/ university degree or equivalent or above,No,"Professional services (e.g. accounting, banking, consulting)",,No,,"as many as possible, I did not have a numerical goal in mind.",Ideally it would have been zero. I didn't want any.,,,,0,15,15,10,20,15,50,0,5,10,5,10,10,15,24.443,7.897,,,
2025-04-24 10:53:43,True,91006,1,strict,4,4,0,26,26,0,Female,Hispanic,,2006,"50,000 - 74,999",High school diploma,Yes,Student,,No,,40,0,,,,100,200,100,400,500,500,900,100,400,400,500,800,900,1000,37.369,25.642,,,
2025-04-24 10:53:50,True,88485,4,lenient,3,3,0,13,13,0,Male,Asian,,1992,"75,000 - 119,999",College/ university degree or equivalent or above,No,High-tech manufacturing and engineering,,Yes,Yes for both targets.,i aim to complete atleast 25,i aim to limit my self to 10 mistakes,,,,30,56,,60,100,150,200,50,30,40,67,80,100,60,144.995,,,,41.852
2025-04-24 10:54:38,True,80383,1,strict,3,3,0,18,18,0,Female,Black,,1996,"50,000 - 74,999",College/ university degree or equivalent or above,No,"Professional services (e.g. accounting, banking, consulting)",,Yes,,All about 25 of them.,None I tried to do them perfectly.,,,,400,800,300,100,600,500,700,400,400,500,800,300,700,100,9.41,4.207,,,
2025-04-24 10:55:50,True,81714,2,lenient,3,3,0,19,19,0,Male,Asian,,2000,"50,000 - 74,999",College/ university degree or equivalent or above,Yes,"Professional services (e.g. accounting, banking, consulting)",,Yes,Yes for both targets.,20,0,,,Yes,800,300,300,700,800,700,1000,20,10,10,30,50,100,50,60.306,,63.029,,
2025-04-24 10:56:02,True,66459,3,strict,3,3,1,18,18,1,Male,White,,1974,"75,000 - 119,999",College/ university degree or equivalent or above,Yes,"Professional services (e.g. accounting, banking, consulting)",,Yes,Yes for both targets.,50,0,,,Yes,50,90,250,200,330,420,480,300,290,250,410,280,450,320,34.8,,,51.506,
2025-04-24 10:57:14,True,51459,3,strict,4,4,1,22,21,5,Female,Asian,,,,College/ university degree or equivalent or above,No,Other,,No,Yes for both targets.,30,0,,,Yes,1,3,4,10,10,10,10,10,10,10,10,10,10,10,15.286,,,13.898,
2025-04-24 10:57:47,True,91080,2,lenient,4,4,0,12,12,0,Female,Asian,,,,,,,,Yes,Yes for both targets.,10,2,,,Yes,20,800,500,850,900,950,1000,100,300,600,700,850,950,900,3.226,,2.444,,
2025-04-24 10:57:50,True,89021,4,lenient,5,5,0,30,25,11,Female,White,,1999,"75,000 - 119,999",College/ university degree or equivalent or above,No,Other,auction,No,Yes for both targets.,45,10,,,,1000,1000,1000,1000,1000,1000,1000,10,100,50,125,150,200,50,4.149,,,,61.62
2025-04-24 10:58:25,True,91230,3,strict,4,4,0,18,17,1,Female,Black,,2001,"0 - 24,999",High school diploma,No,Student,,No,Yes for both targets.,At least 20-25,1,,,Yes,50%,100%,1000%,1000%,1000%,1000%,1000%,1000%,1000%,1000%,1000%,1000%,1000%,1000%,22.845,,,28.681,
2025-04-24 10:59:09,True,54034,3,strict,3,3,0,16,16,0,Male,Black,,1997,"25,000 - 49,999",College/ university degree or equivalent or above,No,Other,Clerk,Yes,Yes for both targets.,"All sets ",0,,,Yes,30,75,70,50,60,65,40,80,50,40,90,100,60,70,826.691,,,52.185,
2025-04-24 11:00:36,True,64807,3,strict,4,4,1,18,18,2,Female,Asian,,2000,,College/ university degree or equivalent or above,No,,,No,Yes for both targets.,,,,,Yes,,,,,,,,,,,,,,,102.489,,,58.378,
2025-04-24 11:01:15,True,14227,2,lenient,4,4,0,22,22,0,Female,White,,1979,"25,000 - 49,999",College/ university degree or equivalent or above,No,Academia,,No,Yes but only for accuracy target,As many as I could get to.,"No mistakes. ","Too difficult to achieve target(s),Did not care about target(s),Other","If you wanted me to aim for tolerating some sloppiness, the ""lenient"" criterion would have had to be about ""how close is good enough,"" not whether mistakes get counted.  I wouldn't expect to get any of them right if I didn't try to get them right, with this.",No,0,0,1000,1000,1000,1000,1000,0,0,1000,1000,1000,1000,1000,73.512,,124.488,,
2025-04-24 11:01:21,True,64760,1,strict,5,5,1,25,25,0,Female,White,,1975,"200,000 and over",College/ university degree or equivalent or above,Yes,"Professional services (e.g. accounting, banking, consulting)",,Yes,,25,0,,,,24,24,23,23,23,23,23,25,25,25,25,25,25,25,289.267,1.826,,,
2025-04-24 11:03:39,True,90696,2,lenient,5,5,0,35,22,18,Male,White,,1996,"50,000 - 74,999",College/ university degree or equivalent or above,Yes,Agricultural,,Yes,Yes for both targets.,45,18,,,Yes,25,25,25,100,100,100,200,25,25,25,25,25,50,100,38.316,,78.458,,
2025-04-24 11:22:02,True,73038,1,strict,5,5,0,20,20,0,Female,Hispanic,,2002,,College/ university degree or equivalent or above,No,Clerical,,Yes,,I was aiming to complete as many as were given,0,,,,30,30,30,30,30,30,30,30,30,30,30,30,30,30,63.505,39.895,,,
2025-04-24 11:31:50,True,78965,1,strict,2,2,0,16,16,0,Female,Asian,,,,High school diploma,Yes,Student,,Yes,,20,0,,,,0,40,100,100,100,100,100,0,0,50,50,50,100,100,67.33,12.652,,,
2025-04-24 11:47:08,True,70691,2,strict,6,6,0,31,31,0,Female,Asian,,1990,"0 - 24,999",High school diploma,No,Clerical,,Yes,Yes but only for accuracy target,As many as I could without sacrificing accuracy,0,Other,I inherently value accuracy over total completed within a time frame,No,0,0,1000,1000,1000,1000,1000,0,0,1000,1000,1000,1000,1000,24.008,,45.119,,
2025-04-24 11:53:37,True,54213,3,strict,6,6,0,33,33,1,Female,White,,1987,"50,000 - 74,999",College/ university degree or equivalent or above,Yes,Managerial,,Yes,Yes for both targets.,45,3,,,Yes,4,5,6,7,10,13,15,4,5,6,7,9,12,15,157.909,,,93.078,
2025-04-24 11:54:26,True,58174,2,lenient,1,0,1,22,22,1,Female,Asian,,1988,"75,000 - 119,999",College/ university degree or equivalent or above,No,"Professional services (e.g. accounting, banking, consulting)",,Yes,Yes but only for accuracy target,3,0,Too difficult to understand/ recall target(s),,No,10,10,10,10,10,10,40,20,20,20,20,20,20,50,17.485,,64.847,,
2025-04-24 12:07:18,True,51728,2,strict,5,5,0,31,31,4,Female,White,,1998,"120,000 - 199,999",College/ university degree or equivalent or above,No,Student,,Yes,Yes but only for accuracy target,45,4,Too difficult to achieve target(s),,Yes,0,0,1000,1000,1000,1000,1000,0,0,250,500,1000,1000,1000,13.133,,88.652,,
2025-04-24 12:20:57,True,90216,4,lenient,5,5,0,28,28,0,Non-binary,Black,,2002,"0 - 24,999",High school diploma,No,Academia,,Yes,Yes but only for accuracy target,All,0,,,,200,250,300,350,400,450,500,100,100,100,100,100,100,100,25.315,,,,37.816
2025-04-24 12:26:31,True,88829,4,lenient,7,7,7,37,35,37,Female,White,,2006,"200,000 and over",College/ university degree or equivalent or above,No,Managerial,,No,Yes for both targets.,40,6,,,,40,50,20,70,60,1000,50,20,40,30,60,1000,1000,1000,16.07,,,,8.308
2025-04-24 12:38:34,True,39549,4,lenient,3,3,0,21,21,1,Male,White,,1988,"120,000 - 199,999",College/ university degree or equivalent or above,No,"Professional services (e.g. accounting, banking, consulting)",,No,Yes but only for accuracy target,As many as possible but at least half,"As few as possible, none hopefully but not more than two",Other,Was more invested in accuracy than time,,50,50,50,50,50,50,50,40,50,50,50,50,60,60,155.173,,,,22.268
2025-04-24 12:55:51,True,68010,4,strict,3,3,0,19,19,0,Female,Black,,2000,"120,000 - 199,999",College/ university degree or equivalent or above,No,High-tech manufacturing and engineering,,No,Yes for both targets.,I did not aim to complete any specific amount. I simply wanted to be as quick as possible while maintaining 100% accuracy,0,,,,10,10,10,10,10,10,15,10,10,10,10,10,10,12,51.4,,,,27.268
2025-04-24 14:08:53,True,62449,4,strict,4,4,0,22,22,4,Female,White,,2003,"50,000 - 74,999",High school diploma,No,Student,,Yes,Yes but only for accuracy target,I tried to complete at least 30,I started off not letting myself make any mistakes but then I started letting myself make less than 10,Too difficult to achieve target(s),,,50,100,100,100,100,100,100,20,50,100,100,100,100,100,15.552,,,,190.112
2025-04-24 14:45:43,True,78132,3,strict,5,5,0,29,29,2,Female,Asian,,2005,"200,000 and over",College/ university degree or equivalent or above,No,Student,,Yes,Yes for both targets.,12,5,,,No,80,40,80,100,100,100,100,30,30,40,50,50,50,100,11.222,,,29.519,
2025-04-24 15:03:32,True,82316,1,strict,4,4,0,22,22,0,Female,Hispanic,,2003,"0 - 24,999",College/ university degree or equivalent or above,No,Student,,Yes,,As many as I could,0,,,,5,7,10,12,15,17,20,50% chance of 8 cents,50% chance of 11 cents,50% chance of 15 cents,50% chance of 19 cents,50% chance of 22 cents,50% chance of 26 cents,50% chance of 30 cents,33.35,6.443,,,
2025-04-24 16:14:13,True,64411,2,lenient,3,3,0,16,16,1,Male,White,,1945,"200,000 and over",College/ university degree or equivalent or above,Yes,"Professional services (e.g. accounting, banking, consulting)",,Yes,Yes but only for accuracy target,As many as possible,Didn't aim for any particular number of mistakes - wanted to have no errors,Did not care about target(s),,No,1,2,2,3,3,4,4,1,2,3,3,4,4,3,15.004,,227.858,,
2025-04-24 16:32:14,True,64101,3,strict,3,3,0,15,15,0,Female,White,,1998,"50,000 - 74,999",College/ university degree or equivalent or above,No,Academia,,Yes,Yes but only for accuracy target,"I didn't set to complete an amount. I aimed for accuracy. ",0.,Did not care about target(s),,Yes,20,20,20,20,20,20,20,20,20,20,20,20,20,20,51.874,,,40.511,
2025-04-24 17:13:28,True,66569,4,lenient,4,4,1,15,15,2,Female,Asian,,1989,"25,000 - 49,999",College/ university degree or equivalent or above,No,Clerical,,No,Yes but only for accuracy target,10,1,Too difficult to achieve target(s),,,5,5,20,20,10,20,25,1,10,1,Q,5,4,5,10.396,,,,21.599
2025-04-24 22:02:57,True,57259,1,strict,3,3,0,18,18,0,Female,Black,,1977,"25,000 - 49,999",College/ university degree or equivalent or above,No,"Professional services (e.g. accounting, banking, consulting)",,Yes,,20,0,,,,10,10,20,50,100,50,200,10,100,40,50,100,200,200,91.212,11.516,,,
2025-04-24 22:13:52,True,53096,1,strict,3,3,0,15,15,0,Female,Black,,1990,"0 - 24,999",College/ university degree or equivalent or above,Yes,Managerial,,Yes,,15,0,,,,8,14,12,10,20,15,20,15,12,20,15,25,18,20,28.387,1.863,,,
2025-04-24 22:29:14,True,51893,4,strict,3,3,0,16,16,1,Male,Black,,1990,"0 - 24,999",College/ university degree or equivalent or above,Yes,Managerial,,Yes,Yes for both targets.,16,1,,,,4,8,7,10,13,18,19,10,7,6,10,18,15,9,19.497,,,,51.026
2025-04-25 01:21:23,True,83589,1,strict,6,6,0,30,30,0,,,,,,,,,,Yes,,I didnt have an aim,0,,,,,,,,,,,,,,,,,,48.502,17.363,,,
2025-04-25 09:13:26,True,68103,4,lenient,8,6,8,31,31,5,Female,,,,,High school diploma,Yes,Student,,No,Yes but only for accuracy target,,,Too difficult to achieve target(s),,,,,,,,,,,,,,,,,11.808,,,,56.985
2025-04-25 09:20:02,True,88072,1,strict,1,1,0,8,8,0,Male,Black,,1995,"120,000 - 199,999",College/ university degree or equivalent or above,Yes,Managerial,,Yes,,10,No,,,,500,400,1000,600,1000,400,500,1000,1000,1000,1000,1000,1000,1000,11.782,1.2,,,
2025-04-25 09:23:07,True,90004,2,lenient,3,3,0,15,15,0,Female,White,,2004,"25,000 - 49,999",College/ university degree or equivalent or above,No,Student,,Yes,No for both targets,all of the sets,0,,,Yes,,,,,,,,,,,,,,,46.733,,38.206,,
2025-04-25 09:27:29,True,90597,4,lenient,6,6,0,32,32,1,Male,White,,1984,"120,000 - 199,999",College/ university degree or equivalent or above,No,Academia,,No,Yes for both targets.,50,0,,,,100,100,1000,1000,1000,1000,1000,0,50,50,50,50,50,50,17.798,,,,16.178
2025-04-25 09:28:53,True,85426,4,lenient,6,6,0,27,27,0,Female,White,,2003,"200,000 and over",High school diploma,No,Student,,Yes,Yes but only for accuracy target,40,0,Other,I knew if I was accurate I could also be quick.,,500,500,1000,750,1000,800,1000,100,300,300,600,400,600,500,3.71,,,,13.183
2025-04-25 09:35:43,True,61982,3,strict,3,3,0,13,13,0,Male,Black,,1985,"0 - 24,999",College/ university degree or equivalent or above,No,Academia,,No,Yes for both targets.,Everything,None,,,No,1000,1000,1000,1000,1000,1000,1000,1000,1000,1000,1000,1000,1000,1000,55.902,,,50.805,
2025-04-25 09:45:17,True,56256,2,lenient,3,3,0,16,16,0,Female,Hispanic,,1993,"25,000 - 49,999",High school diploma,No,"Professional services (e.g. accounting, banking, consulting)",,No,Yes for both targets.,25,3,,,Yes,5,15,30,40,15,50,20,20,30,30,40,45,45,50,119.425,,150.975,,
2025-04-25 10:03:20,True,76996,3,lenient,5,5,0,19,19,1,Female,White,,2004,"120,000 - 199,999",College/ university degree or equivalent or above,No,Student,,No,Yes for both targets.,I didn't have a goal,zero,,,Yes,10,40,20,50,30,75,100,20,25,30,50,80,100,190,66.912,,,49.513,
2025-04-25 10:03:47,True,65778,2,lenient,4,4,0,23,21,2,Female,Asian,,1997,"120,000 - 199,999",College/ university degree or equivalent or above,No,Academia,,Yes,Yes but only for accuracy target,,,Did not care about target(s),,No,10,10,20,20,20,25,25,20,20,20,25,25,25,50,12.532,,360.041,,
2025-04-25 10:12:22,True,41640,4,lenient,3,2,1,17,17,0,Female,White,,1981,"75,000 - 119,999",College/ university degree or equivalent or above,No,Managerial,,Yes,Yes but only for accuracy target,as many as I could; no specific number,little to none,Did not care about target(s),,,1000,1000,1000,1000,1000,1000,1000,1000,1000,1000,1000,1000,1000,1000,23.111,,,,17.885
2025-04-25 10:14:33,True,89062,3,lenient,4,4,0,18,18,0,Female,White,,1999,"75,000 - 119,999",College/ university degree or equivalent or above,Yes,Other,"Government ",No,Yes but only for accuracy target,45,0,,,Yes,0,10,10,10,15,50,50,0,10,10,5,10,10,10,10.445,,,11.711,
2025-04-25 10:17:27,True,74746,1,strict,5,5,0,22,22,0,Female,White,,2005,"200,000 and over",High school diploma,No,Student,,Yes,,I did not have a plan I had no idea,0,,,,0,100,250,500,1000,1000,1000,0,50,200,200,1000,1000,1000,20.043,8.811,,,
2025-04-25 10:18:56,True,82378,1,strict,6,6,0,30,30,0,Female,White,,1996,"120,000 - 199,999",College/ university degree or equivalent or above,No,Other,Legal,No,,I honestly did not have a number in mind,"I did not want to make any mistakes ",,,,100,100,100,100,100,100,100,200,100,100,200,100,100,100,11.301,793.395,,,
2025-04-25 10:20:16,True,48965,1,strict,3,3,0,15,15,0,Male,Hispanic,,1987,"75,000 - 119,999",College/ university degree or equivalent or above,Yes,Managerial,,No,,15,0,,,,10,10,20,10,15,40,50,10,15,20,25,25,25,30,22.572,9.799,,,
2025-04-25 10:34:23,True,74725,4,lenient,5,5,0,23,23,2,Female,White,,2001,"25,000 - 49,999",College/ university degree or equivalent or above,No,Academia,,No,Yes for both targets.,I wanted to complete at least 24,However many mistakes I needed,,,,50,50,50,50,50,50,50,50,50,50,50,50,50,50,9.572,,,,40.738
2025-04-25 10:35:50,True,85375,4,lenient,4,4,0,19,19,1,Female,White,,2004,"120,000 - 199,999",College/ university degree or equivalent or above,No,Student,,No,Yes but only for accuracy target,20,0,"Too difficult to understand/ recall target(s),Did not care about target(s)",,,2,3,5,8,13,17,10,5,8,10,13,15,17,20,17.026,,,,23.292
2025-04-25 10:38:05,True,89023,1,strict,4,4,0,19,19,0,Female,White,,1985,"120,000 - 199,999",College/ university degree or equivalent or above,Yes,"Professional services (e.g. accounting, banking, consulting)",,No,,I didn't set a target,zero,,,,25,15,20,20,20,50,50,30,30,30,20,15,15,15,32.736,38.964,,,
2025-04-25 10:38:12,True,65430,2,lenient,6,6,0,29,29,1,Male,White,,1989,"120,000 - 199,999",College/ university degree or equivalent or above,No,"Professional services (e.g. accounting, banking, consulting)",,Yes,Yes for both targets.,35,3,,,Yes,100,150,200,300,500,500,1000,100,200,200,600,225,700,700,16.109,,41.003,,
2025-04-25 10:44:53,True,91088,2,lenient,4,4,0,19,19,0,Female,Asian,,,"50,000 - 74,999",College/ university degree or equivalent or above,No,Student,,No,Yes for both targets.,,,,,Yes,,,,,,,,,,,,,,,10.956,,26.719,,
2025-04-25 10:47:15,True,90815,2,lenient,5,4,1,25,25,2,Male,White,,1971,"0 - 24,999",High school diploma,No,Other,Retired,Yes,Yes for both targets.,All,None,,,No,142,285,428,571,714,857,1000,142,285,428,571,714,857,1000,38.229,,61.609,,
2025-04-25 10:54:49,True,91264,1,strict,4,4,1,21,21,0,Male,Black,,2000,"0 - 24,999",College/ university degree or equivalent or above,No,Student,,Yes,,25,0,,,,,,,,,,1000,,,,1000,1000,1000,1000,2.637,1.092,,,
2025-04-25 10:55:50,True,89360,2,lenient,4,4,1,21,20,1,Female,White,,2004,"200,000 and over",High school diploma,Yes,Student,,No,Yes for both targets.,No aim,1,,,No,50,50,50,50,50,50,100,50,50,50,50,50,50,50,9.85,,53.762,,
2025-04-25 11:10:03,True,91010,3,strict,6,6,0,33,33,0,Female,Asian,,1998,"0 - 24,999",College/ university degree or equivalent or above,No,Student,,Yes,Yes but only for accuracy target,40,0,Other,My computer glitched in the middle.,Yes,1000,1000,1000,1000,1000,1000,1000,1000,1000,1000,1000,1000,1000,1000,8.512,,,15.14,
2025-04-25 11:10:29,True,89503,1,strict,5,5,0,31,31,1,Female,Asian,,2006,"25,000 - 49,999",College/ university degree or equivalent or above,Yes,Student,,No,,as many as I could in 5 minutes,0,,,,10,20,25,200,30,500,1000,10,100,85,200,1000,1000,1000,9.752,2.999,,,
2025-04-25 11:10:31,True,81028,2,lenient,2,2,0,17,17,0,Male,Asian,,2005,"0 - 24,999",High school diploma,Yes,Student,,Yes,Yes for both targets.,18,3,,,Yes,1000,1000,1000,1000,1000,1000,1000,1000,1000,1000,1000,1000,1000,1000,10.431,,13.05,,
2025-04-25 11:17:12,True,88561,4,lenient,2,2,0,24,24,0,Male,Asian,,,"25,000 - 49,999",College/ university degree or equivalent or above,No,,,Yes,Yes for both targets.,35,3,,,,100,150,200,250,350,400,500,,,,,,,,33.983,,,,37.919
2025-04-25 11:18:55,True,77202,3,strict,4,4,0,24,24,0,Male,Asian,,1978,"0 - 24,999",High school diploma,No,Unemployed,,Yes,Yes for both targets.,45,0,,,Yes,1000,1000,1000,1000,1000,1000,1000,1000,1000,1000,1000,1000,1000,1000,63.297,,,131.659,
2025-04-25 11:21:47,True,88607,4,lenient,5,5,0,23,23,0,Male,Asian,,1988,"75,000 - 119,999",College/ university degree or equivalent or above,No,High-tech manufacturing and engineering,,Yes,Yes for both targets.,"I aim to complete all ",I want to limit all.,,,,100,500,750,300,400,900,1000,100,400,500,300,300,400,1000,95.903,,,,59.625
2025-04-25 11:22:17,True,91151,1,strict,7,7,1,30,30,0,Male,Asian,,2001,"0 - 24,999",College/ university degree or equivalent or above,No,Unemployed,,Yes,,45,1,,,,1000,1000,1000,1000,1000,1000,1000,1000,1000,1000,1000,1000,1000,1000,4.144,1.568,,,
2025-04-25 11:25:12,True,68634,1,strict,4,4,0,31,31,1,Male,Asian,,1999,"25,000 - 49,999",College/ university degree or equivalent or above,Yes,High-tech manufacturing and engineering,,Yes,,As much as possible,2-3,,,,60,60,60,60,60,60,60,60,60,60,60,60,60,60,140.432,33.736,,,
2025-04-25 11:26:35,True,88881,2,lenient,5,5,0,25,25,1,Female,Asian,,2004,"50,000 - 74,999",College/ university degree or equivalent or above,No,Student,,No,Yes for both targets.,30,1,,,No,100,150,100,200,250,300,400,10,50,100,100,100,200,300,2.018,,20.748,,
2025-04-25 11:27:10,True,88858,2,strict,4,4,0,24,24,0,Female,White,,2005,"0 - 24,999",College/ university degree or equivalent or above,No,Student,,Yes,Yes for both targets.,I aimed to complete all targets,I did not try to limit myself,,,No,1,1,2,2,2,2,3,1,1,2,2,5,5,10,18.518,,89.43,,
2025-04-25 11:28:12,True,74367,3,strict,5,5,0,29,28,1,Male,Asian,,1987,"25,000 - 49,999",College/ university degree or equivalent or above,Yes,Academia,,Yes,Yes for both targets.,40,1,,,Yes,1,1,2,2,2,3,3,3,4,4,4,4,5,5,18.96,,,13.848,
2025-04-25 11:28:26,True,88184,2,lenient,4,4,0,22,22,0,Female,White,,2006,,,Yes,Student,,No,Yes for both targets.,,2,,,Yes,,,,,,,,,,,,,,,12.053,,36.259,,
2025-04-25 11:37:08,True,63747,4,lenient,5,5,0,26,26,1,Male,Other,South East Asian,2000,"0 - 24,999",College/ university degree or equivalent or above,No,High-tech manufacturing and engineering,,Yes,Yes for both targets.,18,2,,,,100,250,400,350,500,750,600,100,500,400,500,500,400,300,24.575,,,,29.176
2025-04-25 11:37:36,True,76262,3,strict,4,4,0,24,24,2,Female,Asian,,2003,"75,000 - 119,999",College/ university degree or equivalent or above,Yes,Student,,Yes,Yes for both targets.,30,3,,,Yes,0,30,30,30,30,30,40,10,20,30,30,30,30,40,34.128,,,49.344,
2025-04-25 11:42:53,True,84488,1,strict,5,5,0,27,27,0,Female,White,,2000,"0 - 24,999",College/ university degree or equivalent or above,Yes,Student,,Yes,,at least 25,0,,,,100,100,100,100,100,100,150,100,100,100,100,100,100,100,13.021,5.63,,,
2025-04-25 11:44:22,True,75212,4,lenient,3,3,0,25,25,0,Female,Hispanic,,1995,"25,000 - 49,999",College/ university degree or equivalent or above,Yes,Academia,,No,Yes for both targets.,45,no idea,,,,1000,1000,1000,1000,1000,1000,1000,1000,1000,1000,1000,1000,1000,1000,8.362,,,,4.781
2025-04-25 11:48:09,True,88205,2,lenient,5,5,3,24,24,17,Female,Asian,,2001,,College/ university degree or equivalent or above,No,Clerical,,No,Yes for both targets.,at least 30,"limited. ",,,Yes,,,,,,,,,,,,,,,2.158,,49.557,,
2025-04-25 11:51:26,True,61125,3,lenient,2,2,1,11,10,2,Female,Asian,,1994,"50,000 - 74,999",College/ university degree or equivalent or above,Yes,Managerial,,No,Yes for both targets.,10,8,,,Yes,3,3,4,6,10,5,10,10,10,10,15,20,10,10,3.792,,,25.968,
2025-04-25 11:59:28,True,84196,4,strict,5,5,1,27,27,1,Male,Asian,,2006,"0 - 24,999",College/ university degree or equivalent or above,No,Student,,No,Yes for both targets.,Around 30-35,1,,,,,,,,,,,,,,,,,,54.213,,,,61.113
2025-04-25 12:06:07,True,90141,4,strict,6,6,1,22,22,3,Male,Asian,,2001,"25,000 - 49,999",College/ university degree or equivalent or above,No,High-tech manufacturing and engineering,,No,Yes for both targets.,45,0,,,,5,8,10,13,15,18,20,5,7,10,12,15,14,20,2.003,,,,24.751
2025-04-25 12:06:25,True,90181,1,strict,5,5,0,29,29,0,Female,Other,Hispanic and white,2003,"0 - 24,999",College/ university degree or equivalent or above,No,Student,,No,,20,0,,,,,,,,,,,,,,,,,,26.633,7.546,,,
2025-04-25 12:09:34,True,69889,4,lenient,4,4,0,18,18,0,Female,Asian,,2000,"0 - 24,999",College/ university degree or equivalent or above,Yes,"Professional services (e.g. accounting, banking, consulting)",,Yes,Yes for both targets.,15,0,,,,10,100,200,200,450,500,500,1000,900,900,500,1000,500,1000,79.362,,,,25.324
2025-04-25 12:12:07,True,90645,2,lenient,5,5,0,29,29,0,Non-binary,White,,2005,"50,000 - 74,999",College/ university degree or equivalent or above,No,Student,,Yes,Yes but only for accuracy target,45,0,,,Yes,250,300,500,500,1000,1000,1000,500,600,150,750,1000,1000,1000,158.256,,43.686,,
2025-04-25 12:17:53,True,72381,1,strict,5,5,0,24,24,0,Non-binary,White,,1997,"50,000 - 74,999",College/ university degree or equivalent or above,No,Academia,,No,,As many as I can,None,,,,0,0,50,50,50,50,50,0,0,0,0,50,50,50,15.798,5.195,,,
2025-04-25 12:18:20,True,90793,1,strict,4,4,0,24,24,7,Female,White,,2001,"200,000 and over",College/ university degree or equivalent or above,No,Student,,Yes,,20,5,,,,30,50,50,70,75,100,150,20,30,30,30,50,75,100,2.265,8.438,,,
2025-04-25 12:28:06,True,90717,1,strict,6,6,0,21,21,4,,,,,,,,,,No,,30,0,,,,,,,,,,,,,,,,,,2.5,1.102,,,
2025-04-25 12:28:50,True,55783,1,strict,3,3,0,17,17,1,Female,White,,1966,"25,000 - 49,999",High school diploma,No,Other,Appointment setter,Yes,,all of them,0,,,,5,15,2,20,10,25,10,20,10,20,20,50,25,50,10.947,2.532,,,
2025-04-25 12:32:28,True,90247,2,lenient,6,6,0,28,28,1,Male,Asian,,2006,"0 - 24,999",College/ university degree or equivalent or above,Yes,Student,,Yes,No for both targets,30,5,Too difficult to achieve target(s),,Yes,50,200,300,120,100,800,1000,50,200,300,100,200,500,1000,18.158,,78.796,,
2025-04-25 12:35:24,True,89824,1,strict,4,3,1,20,20,3,Female,White,,2004,"75,000 - 119,999",College/ university degree or equivalent or above,No,Student,,Yes,,all of them,as few as possible,,,,100,150,200,200,600,900,1000,500,500,500,500,500,500,500,19.303,5.971,,,
2025-04-25 12:36:02,True,79220,3,strict,5,5,0,30,30,3,Female,White,,1995,"120,000 - 199,999",College/ university degree or equivalent or above,No,Student,,No,Yes for both targets.,45,as little as possible,,,Yes,100,100,100,1000,1000,1000,1000,10,100,200,200,200,300,300,25.348,,,64.37,
2025-04-25 12:38:42,True,61857,4,strict,5,5,0,21,21,0,Female,White,,1991,"50,000 - 74,999",College/ university degree or equivalent or above,No,Unemployed,,Yes,No for both targets,as many as I could,zero,Did not care about target(s),,,20,20,20,20,20,20,20,20,20,20,20,20,20,20,16.173,,,,17.145
2025-04-25 12:39:57,True,88981,3,lenient,6,6,0,36,36,10,Female,Asian,,2002,"75,000 - 119,999",College/ university degree or equivalent or above,Yes,"Professional services (e.g. accounting, banking, consulting)",,Yes,Yes for both targets.,45,1,,,Yes,30,30,30,30,30,30,30,30,30,3030,30,30,30,30,4.662,,,81.822,
2025-04-25 12:53:10,True,88980,3,strict,4,4,0,18,18,3,Male,Asian,,1998,"0 - 24,999",College/ university degree or equivalent or above,Yes,"Professional services (e.g. accounting, banking, consulting)",,No,Yes for both targets.,20,2,,,Yes,100,250,500,600,750,800,1000,0,0,0,0,250,250,500,2.634,,,50.372,
2025-04-25 12:54:13,True,88284,4,lenient,4,4,0,18,16,4,Female,Asian,,2005,"0 - 24,999",High school diploma,Yes,Student,,No,Yes for both targets.,10,2,,,,300,500,550,550,750,750,800,300,400,700,500,1000,500,1000,2.772,,,,2.387
2025-04-25 13:03:45,True,87210,2,lenient,4,4,0,21,21,1,Female,Hispanic,,1997,"120,000 - 199,999",College/ university degree or equivalent or above,No,Managerial,,Yes,Yes but only for accuracy target,As many as possible with highest accuracy,0,Too difficult to achieve target(s),,Yes,15,20,20,20,30,40,40,15,15,20,20,20,20,30,8.107,,19.844,,
2025-04-25 13:03:58,True,91242,1,strict,4,4,0,18,18,1,Female,White,,1957,"200,000 and over",College/ university degree or equivalent or above,No,Other,Retired Health Professional,Yes,,Probably five.,A maximum of two.,,,,5,7,10,12,15,17,20,5,8,10,15,15,17,20,28.842,8.986,,,
2025-04-25 13:09:54,True,20035,1,strict,6,6,0,29,29,1,Female,White,,1988,"120,000 - 199,999",College/ university degree or equivalent or above,Yes,"Professional services (e.g. accounting, banking, consulting)",,No,,45,0,,,,50,50,50,50,50,50,75,25,25,25,50,50,50,50,2.355,0.956,,,
2025-04-25 13:19:00,True,89682,1,strict,5,5,0,25,25,1,Female,Black,,2004,"50,000 - 74,999",High school diploma,No,Student,,No,,20,0,,,,0,10,10,100,10,1000,1000,0,0,100,100,0,0,100,22.083,2.119,,,
2025-04-25 13:21:00,True,74277,1,strict,3,3,1,16,16,12,Female,White,,1977,"25,000 - 49,999",College/ university degree or equivalent or above,No,Managerial,,No,,All,"0, but Iâm doing it on the phone and part of the study I thought I had to estimate. Then I realized my screen was hiding the exact number.",,,,5,15,50,700,100,10000,500,5,7,10,10,10,10,10,18.47,3.361,,,
2025-04-25 13:21:33,True,84232,3,strict,5,5,0,26,26,0,Non-binary,White,,2004,"75,000 - 119,999",College/ university degree or equivalent or above,Yes,Student,,No,Yes but only for accuracy target,45,3,Too difficult to achieve target(s),,Yes,10,15,15,20,35,35,20,10,30,20,40,35,40,55,22.224,,,305.722,
2025-04-25 13:21:55,True,55476,3,strict,6,6,1,29,29,3,Male,Asian,,1993,"25,000 - 49,999",College/ university degree or equivalent or above,No,Academia,,Yes,Yes for both targets.,45,0,,,Yes,1,1,1,1,1,1,2,1,2,2,2,2,2,4,16.684,,,16.381,
2025-04-25 13:24:38,True,47373,1,strict,2,1,1,10,10,1,Female,White,,1047,"25,000 - 49,999",College/ university degree or equivalent or above,No,Other,Retired,Yes,,All,0,,,,5,7.5,10,12.5,15,17.5,20,8,11,14,19,8,,30,32.913,11.217,,,
2025-04-25 13:29:59,True,77776,4,strict,7,7,0,35,35,2,Female,Asian,,2002,"200,000 and over",College/ university degree or equivalent or above,No,Student,,No,Yes for both targets.,45,1,,,,,,,,,,,,,,,,,,10.141,,,,16.052
2025-04-25 13:32:16,True,87911,3,strict,5,5,0,15,15,0,Female,Other,Middle Eastern,2002,"25,000 - 49,999",College/ university degree or equivalent or above,No,Student,,No,Yes for both targets.,all,0,,,No,1,2,3,3,3,3,3,2,2,2,2,2,2,2,51.674,,,12.484,
2025-04-25 13:32:42,True,46616,2,lenient,5,5,3,25,25,0,Female,White,,1997,"25,000 - 49,999",College/ university degree or equivalent or above,No,Student,,Yes,Yes for both targets.,As many as possible,None,,,Yes,20,50,100,100,100,100,100,20,40,90,90,90,90,100,2.084,,11.898,,
2025-04-25 13:34:59,True,86927,1,strict,4,4,0,18,18,0,Male,White,,2005,"0 - 24,999",College/ university degree or equivalent or above,No,Student,,No,,Not specific,Not specific,,,,100,600,800,1000,700,500,300,100,"1000 ",700,300,500,600,"800 ",4.334,1.015,,,
2025-04-25 13:47:06,True,78966,3,strict,5,5,0,29,29,0,Female,Hispanic,,2004,"75,000 - 119,999",High school diploma,No,Student,,Yes,Yes for both targets.,45,0,,,Yes,1000,1000,1000,1000,1000,1000,1000,1000,1000,1000,1000,1000,1000,1000,37.606,,,65.571,
2025-04-25 13:49:59,True,78708,3,strict,4,4,0,25,25,2,Female,White,,1992,"0 - 24,999",College/ university degree or equivalent or above,No,Clerical,,Yes,Yes for both targets.,45,10% of however many tasks I had completed to that point,,,No,45,45,45,45,45,45,50,45,45,45,50,50,50,50,58.149,,,137.375,
2025-04-25 13:58:32,True,76455,2,lenient,6,6,1,30,30,1,Male,Asian,,2000,"50,000 - 74,999",College/ university degree or equivalent or above,No,Student,,Yes,Yes for both targets.,50,45,,,Yes,1000,1000,1000,1000,1000,1000,1000,0,0,0,0,1000,0,0,41.631,,64.476,,
2025-04-25 14:02:21,True,91035,4,lenient,3,3,0,21,21,3,Male,Asian,,2003,"0 - 24,999",College/ university degree or equivalent or above,Yes,Student,,Yes,Yes for both targets.,30,2,,,,50,50,100,80,150,200,500,50,100,300,200,150,500,200,27.82,,,,66.511
2025-04-25 14:37:48,True,90987,4,lenient,4,4,0,24,24,0,Female,White,,1991,"25,000 - 49,999",High school diploma,No,Unemployed,,Yes,Yes for both targets.,30,5,,,,20,25,30,35,40,45,50,10,15,25,30,40,40,50,33.523,,,,52.238
2025-04-25 14:44:12,True,87791,2,lenient,4,4,0,22,22,0,Female,Other,indo-caribbean,1985,"0 - 24,999",College/ university degree or equivalent or above,No,Student,,Yes,Yes for both targets.,45,0,,,No,1000,100,600,750,250,900,400,100-200,300,800,500,600,900,1000,3.222,,51.129,,
2025-04-25 14:48:23,True,88823,1,strict,5,5,5,28,25,28,Female,Other,Asian American,2005,"75,000 - 119,999",High school diploma,No,Student,,Yes,,"I didn't have a set amount in mind, just as many as possible. ",As little as possible.,,,,20,20,20,20,20,20,20,20,20,20,20,20,20,20,25.157,5.591,,,
2025-04-25 14:49:55,True,76536,4,lenient,4,4,0,25,25,0,Male,Asian,,2000,"75,000 - 119,999",College/ university degree or equivalent or above,No,High-tech manufacturing and engineering,,Yes,Yes for both targets.,45,0,,,,,,,,,,,20,30,40,50,20,20,60,32.471,,,,41.845
2025-04-25 14:50:31,True,91233,4,lenient,5,5,0,26,26,0,Female,Asian,,1995,"0 - 24,999",College/ university degree or equivalent or above,No,Academia,,Yes,Yes but only for speed target,20,0,Did not care about target(s),,,1000,1000,1000,1000,1000,1000,1000,1000,1000,1000,1000,1000,1000,1000,102.673,,,,38.369
2025-04-25 14:53:02,True,59705,1,strict,4,4,2,26,26,2,Male,Asian,,2000,"25,000 - 49,999",College/ university degree or equivalent or above,No,"Professional services (e.g. accounting, banking, consulting)",,Yes,,30,5,,,,50,,400,500,500,600,700,20,50,200,150,250,300,450,39.816,7.501,,,
2025-04-25 14:55:17,True,79013,3,strict,4,4,2,24,24,2,Male,Asian,,2004,"0 - 24,999",High school diploma,No,Student,,No,Yes for both targets.,40,0,,,Yes,10,15,20,25,30,35,40,15,10,20,20,25,30,30,1.397,,,76.116,
2025-04-25 15:07:50,True,90952,3,lenient,3,3,0,19,19,1,Female,Other,"Biracial ",1999,"50,000 - 74,999",College/ university degree or equivalent or above,No,"Professional services (e.g. accounting, banking, consulting)",,No,Yes but only for accuracy target,All of them,0,Other,"Forgot it was timed and didnât think I was taking too long to be accurate ",No,15,15,15,15,15,15,15,15,15,15,15,15,15,15,17.656,,,23.53,
2025-04-25 15:14:27,True,59463,3,lenient,7,7,0,38,38,4,Female,Asian,,2002,"75,000 - 119,999",College/ university degree or equivalent or above,No,Clerical,,Yes,Yes for both targets.,Aimed for 45 but I was too slow.,"I wanted to make 0 mistakes but when I saw the time ticking down and I hadn't reached 45, I let myself make more mistakes.",,,Yes,20,20,20,40,50,50,50,20,20,220,20,20,30,30,33.637,,,60.472,
2025-04-25 15:16:05,True,86148,4,strict,4,4,1,22,22,8,Female,White,,2005,"75,000 - 119,999",High school diploma,No,Student,,No,Yes but only for accuracy target,"I aimed to complete at least 30 because after the first few I realized I was being too slow to get to 45. ","I tried to limit myself to 1 per set because I was running out of time to complete enough. ",Too difficult to achieve target(s),,,40,35,30,30,30,25,25,35,30,20,20,25,25,20,32.088,,,,61.687
2025-04-25 15:20:52,True,90258,1,strict,3,3,0,15,15,0,Female,Black,,2004,"50,000 - 74,999",High school diploma,No,Academia,,No,,10,0,,,,50,80,80,100,100,90,95,"10,100","15,105","20,110","20,110","20,110","20,110","25,115",16.605,1.137,,,
2025-04-25 15:24:02,True,68231,1,strict,10,7,7,25,25,0,Female,Asian,,2000,,College/ university degree or equivalent or above,Yes,,,No,,20,0,,,,1000,1000,1000,1000,1000,1000,1000,1000,1000,1000,1000,1000,1000,1000,2.864,2.798,,,
2025-04-25 15:24:33,True,90409,2,strict,3,3,1,9,9,2,,,,,,,,,,Yes,,,,,,,,,,,,,,,,,,,,,127.283,,347.038,,
2025-04-25 15:25:20,True,90994,4,lenient,3,3,0,17,17,0,Female,White,,1999,"0 - 24,999",College/ university degree or equivalent or above,No,Academia,,No,Yes for both targets.,All,None,,,,30,20,20,15,40,100,100,50,50,50,50,100,100,400,2.638,,,,15.91
2025-04-25 15:51:11,True,90356,3,strict,3,3,0,22,22,0,Female,White,,1950,"0 - 24,999",College/ university degree or equivalent or above,No,Other,"retired ",No,No for both targets,40,0,Too difficult to understand/ recall target(s),,No,35,35,35,35,35,40,40,,,,,,,30,28.785,,,52.432,
2025-04-25 15:52:56,True,89787,4,lenient,5,5,0,23,23,3,Female,White,,1986,"75,000 - 119,999",College/ university degree or equivalent or above,Yes,Academia,,Yes,Yes for both targets.,"45, but based on the practice round I did not expect to reach that many in 5 minutes, so I put a lot of weight on accuracy.","As few as possible -- more than zero, but less than 5.",,,,100,200,200,200,200,200,200,50,100,100,100,100,100,150,65.323,,,,59.699
2025-04-25 15:57:40,True,74096,2,lenient,5,5,0,25,25,0,Female,White,,2000,"120,000 - 199,999",College/ university degree or equivalent or above,No,"Professional services (e.g. accounting, banking, consulting)",,No,Yes for both targets.,45,0,,,Yes,30,70,10,70,80,100,20,10,40,50,60,80,100,100,35.196,,33.971,,
2025-04-25 16:15:13,True,91245,2,lenient,5,5,0,23,23,0,Female,Asian,,2001,"50,000 - 74,999",College/ university degree or equivalent or above,Yes,Other,research,No,Yes for both targets.,15,0,,,Yes,10,10,20,20,15,20,15,10,20,40,20,30,20,30,2.201,,18.301,,
2025-04-25 16:19:54,True,91196,1,strict,13,2,11,34,34,0,Male,White,,2004,"200,000 and over",High school diploma,Yes,Student,,No,,40,0,,,,60,75,100,100,500,500,500,0,0,200,250,500,500,1000,1.943,4.883,,,
2025-04-25 16:19:58,True,63158,1,strict,5,5,0,25,25,0,Female,White,,2003,"50,000 - 74,999",College/ university degree or equivalent or above,Yes,"Professional services (e.g. accounting, banking, consulting)",,No,,"As many as possible, but I didn't have a specific number in mind",I didn't want to make any mistakes,,,,100,100,100,100,100,500,500,100,100,500,500,500,500,500,10.76,3.205,,,
2025-04-25 16:35:56,True,89087,4,lenient,7,7,0,31,31,3,Female,Asian,,2006,,High school diploma,No,Student,,Yes,Yes for both targets.,45,5,,,,500,500,500,500,500,500,500,500,500,500,500,500,500,500,12.21,,,,71.782
2025-04-25 16:47:32,True,91214,3,strict,5,5,0,27,27,0,Female,White,,2004,"200,000 and over",High school diploma,Yes,Student,,Yes,Yes but only for accuracy target,25,0,Too difficult to understand/ recall target(s),,No,250,500,800,1000,1000,1000,1000,250,500,500,800,800,500,1000,24.965,,,42.166,
2025-04-25 17:04:51,True,89453,1,strict,4,4,1,21,21,1,Female,Asian,,2002,"50,000 - 74,999",College/ university degree or equivalent or above,Yes,Academia,,No,,all,none,,,,1000,1000,1000,1000,1000,1000,1000,1000,1000,1000,1000,1000,1000,1000,11.409,8.257,,,
2025-04-25 17:05:31,True,67613,1,strict,3,3,1,14,13,1,Female,White,,1979,"75,000 - 119,999",College/ university degree or equivalent or above,No,"Professional services (e.g. accounting, banking, consulting)",,Yes,,I didn't have a number in mind.,"0, but I misread 1 set",,,,500,1000,1000,1000,1000,1000,1000,500,1000,1000,1000,1000,1000,1000,59.931,6.901,,,
2025-04-25 17:10:48,True,22651,2,lenient,4,4,0,25,25,0,Female,Asian,,1982,"0 - 24,999",College/ university degree or equivalent or above,No,Unemployed,,Yes,Yes for both targets.,100%,0,,,No,1000,1000,1000,1000,1000,1000,1000,1000,1000,1000,1000,1000,1000,1000,36.918,,43.748,,
2025-04-25 17:11:54,True,56612,4,strict,5,4,1,24,24,1,Female,White,,1997,"50,000 - 74,999",College/ university degree or equivalent or above,No,"Professional services (e.g. accounting, banking, consulting)",,Yes,Yes but only for accuracy target,As many as I could,I tried to have few mistakes,Did not care about target(s),,,10,13,15,17,20,19,25,7,20,20,18,20,35,30,5.634,,,,28.817
2025-04-25 17:34:28,True,86455,3,lenient,4,4,0,20,20,1,Male,White,,1990,"75,000 - 119,999",College/ university degree or equivalent or above,No,Clerical,,No,Yes for both targets.,as many as i could,as few as possible,,,No,75,100,100,200,300,300,350,100,200,200,200,200,200,300,15.207,,,15.474,
2025-04-25 17:38:36,True,90163,4,lenient,5,5,0,26,26,0,Female,Asian,,2005,"200,000 and over",High school diploma,No,Student,,Yes,Yes for both targets.,20,0,,,,10,12,15,17,20,30,50,10,10,5,20,15,15,40,12.402,,,,41.616
2025-04-25 17:47:45,True,89913,3,strict,4,4,0,19,19,0,Female,Hispanic,,1994,"200,000 and over",College/ university degree or equivalent or above,Yes,"Professional services (e.g. accounting, banking, consulting)",,Yes,Yes for both targets.,all,3,,,Yes,3,15,5,20,5,5,50,0,2,3,1,5,2,2,5.614,,,4.876,
2025-04-25 18:54:06,True,70859,3,strict,7,7,7,29,29,27,Female,White,,1980,"50,000 - 74,999",College/ university degree or equivalent or above,No,Clerical,,No,Yes for both targets.,"As many as possible ",0,,,No,0,0,500,0,0,0,1000,0,0,0,0,0,500,1000,27.546,,,44.644,
2025-04-25 20:58:48,True,88588,1,strict,4,4,0,21,21,0,Female,Asian,,2004,"25,000 - 49,999",College/ university degree or equivalent or above,No,Student,,No,,"35 ","0 ",,,,20,60,"50 ",50,50,90,100,10,20,30,30,20,30,40,2.378,5.881,,,
2025-04-25 21:49:22,True,59998,3,strict,5,5,0,25,25,1,Male,Asian,,,"50,000 - 74,999",College/ university degree or equivalent or above,No,"Professional services (e.g. accounting, banking, consulting)",,Yes,Yes for both targets.,All of them.,None.,,,Yes,500,700,1000,1000,1000,1000,1000,400,800,900,1000,1000,1000,1000,69.617,,,80.385,
2025-04-26 03:40:30,True,90168,4,lenient,4,4,0,21,21,0,,,,,,,,,,,,,,,,,,,,,,,,,,,,,,,77.472,,,,226.39
2025-04-26 03:46:20,True,66204,2,lenient,5,5,0,33,33,1,Male,Asian,,2002,"0 - 24,999",College/ university degree or equivalent or above,Yes,Student,,Yes,Yes but only for accuracy target,I aimed on being accurate and not focus on sets all that much,I aimed myself to not make any mistakes,Too difficult to understand/ recall target(s),,No,100,300,500,700,900,400,200,200,200,200,200,100,200,200,44.739,,57.606,,
2025-04-26 05:20:30,True,60361,4,lenient,4,4,0,22,22,3,Male,Asian,,2002,"0 - 24,999",College/ university degree or equivalent or above,No,Student,,Yes,Yes for both targets.,45,1,,,,100,800,200,200,250,300,1000,100,100,200,1000,1000,1000,1000,36.769,,,,24.693
2025-04-26 09:21:48,True,90403,1,strict,4,4,2,26,26,1,Female,White,,1983,"200,000 and over",College/ university degree or equivalent or above,Yes,"Professional services (e.g. accounting, banking, consulting)",,Yes,,as many as I could within the time period,zero mistakes,,,,1000,1000,1000,1000,1000,1000,1000,1000,1000,1000,1000,1000,1000,1000,251.907,129.289,,,
2025-04-26 11:07:03,True,89001,3,strict,2,2,0,5,5,0,Male,Black,,1993,"25,000 - 49,999",College/ university degree or equivalent or above,Yes,Managerial,,Yes,Yes for both targets.,9,4,,,Yes,,,,,,,100,No,No,No,No,Yes,Yes,Yes,9.726,,,24.154,
2025-04-26 13:16:51,True,88348,2,lenient,6,6,0,27,26,6,Female,White,,1978,"120,000 - 199,999",College/ university degree or equivalent or above,No,"Professional services (e.g. accounting, banking, consulting)",,Yes,No for both targets,45,5,Too difficult to understand/ recall target(s),,No,5,10,20,50,30,50,30,10,50,50,20,30,70,1000,13.272,,44.082,,
2025-04-27 03:39:19,True,90207,3,lenient,4,4,0,16,16,0,Male,Black,,1993,"120,000 - 199,999",College/ university degree or equivalent or above,Yes,"Professional services (e.g. accounting, banking, consulting)",,Yes,Yes for both targets.,all sets,no mistakes,,,Yes,0,0,0,0,0,0,1000,0,0,0,0,0,0,1000,57.268,,,52.733,
2025-04-27 08:06:01,True,88848,2,strict,4,4,1,21,19,2,Female,White,,2007,"120,000 - 199,999",Below high school diploma,No,Student,,No,,45,4,,,No,,,,,,,,,,,,,,,32.751,,50.698,,
2025-04-27 14:43:59,True,76443,3,strict,4,4,0,20,20,0,Female,Black,,2002,"25,000 - 49,999",College/ university degree or equivalent or above,Yes,Unemployed,,Yes,Yes for both targets.,30,0,,,Yes,20,25,30,15,300,250,300,90,100,200,150,200,100,100,40.008,,,46.246,
2025-04-27 14:46:50,False,,3,strict,4,4,1,13,1,7,,,,,,,,,,,,,,,,,,,,,,,,,,,,,,,5.975,,,5.978,
2025-04-27 14:57:28,False,,4,lenient,6,3,6,4,0,4,,,,,,,,,,,,,,,,,,,,,,,,,,,,,,,2.235,,,,8.287
2025-04-27 16:44:24,False,,,,0,0,0,,,,,,,,,,,,,,,,,,,,,,,,,,,,,,,,,,2.726,,,,
2025-04-27 20:26:01,True,48673,3,strict,10,7,10,21,20,1,Female,Asian,,2000,"50,000 - 74,999",College/ university degree or equivalent or above,Yes,"Professional services (e.g. accounting, banking, consulting)",,No,Yes for both targets.,22,1,,,Yes,100,200,200,200,200,200,200,20,20,30,30,30,30,35,2.471,,,21.189,
2025-04-28 03:46:49,True,90895,4,lenient,3,3,0,19,19,0,Female,Black,,1998,"0 - 24,999",College/ university degree or equivalent or above,No,"Professional services (e.g. accounting, banking, consulting)",,Yes,Yes for both targets.,all,none,,,,1000,1000,1000,1000,1000,1000,1000,10,10,10,10,100,100,1000,106.053,,,,50.561
2025-04-28 06:46:00,False,,,,2,1,2,,,,,,,,,,,,,,,,,,,,,,,,,,,,,,,,,,220.185,,,,
2025-04-28 07:07:29,False,,3,strict,3,3,2,3,1,2,,,,,,,,,,,,,,,,,,,,,,,,,,,,,,,11.793,,,28.125,
2025-04-28 10:16:35,False,,,,0,0,0,,,,,,,,,,,,,,,,,,,,,,,,,,,,,,,,,,1.907,,,,
2025-04-28 10:23:10,False,,2,lenient,3,3,0,,,,,,,,,,,,,,,,,,,,,,,,,,,,,,,,,,2.499,,,,
2025-04-28 11:34:27,True,90694,1,strict,4,3,1,18,18,1,Female,White,,1965,"120,000 - 199,999",College/ university degree or equivalent or above,No,"Professional services (e.g. accounting, banking, consulting)",,Yes,,all,o,,,,,,,,,,,,,,,,,50,8.388,8.063,,,
2025-04-28 14:11:11,True,71879,1,strict,6,6,0,31,31,1,Male,Hispanic,,1992,"50,000 - 74,999",College/ university degree or equivalent or above,No,Other,Non profit,Yes,,25,1,,,,10,15,50,40,35,30,25,2,3,5,5,5,10,20,14.779,1.313,,,
2025-04-28 18:13:57,True,61899,2,lenient,4,4,0,25,25,0,Male,Asian,,,"75,000 - 119,999",High school diploma,No,High-tech manufacturing and engineering,,Yes,Yes but only for accuracy target,45,0,Too difficult to achieve target(s),,Yes,50,75,100,125,150,175,200,80,110,150,190,220,260,300,14.299,,36.278,,
2025-04-28 21:59:17,True,91085,3,strict,3,3,0,11,8,3,Female,Hispanic,,1999,"25,000 - 49,999",College/ university degree or equivalent or above,No,Other,Healthcare,Yes,Yes but only for accuracy target,I aimed to complete 45.,I limited myself to 1 mistake per 10 sets.,Other,N/A,Yes,25,5,30,33,38,5,45,18,15,20,45,45,30,38,96.653,,,120.884,
2025-04-29 08:59:53,True,60662,1,strict,2,2,0,13,13,0,Female,Asian,,1999,"0 - 24,999",College/ university degree or equivalent or above,No,"Professional services (e.g. accounting, banking, consulting)",,No,,15,2,,,,0,3,1,2,2,5,4,8,6,89,7,8,25,9,156.315,8.912,,,
2025-04-29 09:26:34,True,87298,4,lenient,4,4,0,19,19,0,Male,Hispanic,,2004,"25,000 - 49,999",College/ university degree or equivalent or above,No,Student,,No,Yes for both targets.,"According to the metrics, I completed 19 sets. ","I made no mistakes, which was my initial intent. ",,,,0,100,200,400,400,600,800,0,200,400,600,800,900,1000,56.226,,,,50.405
2025-04-29 10:33:36,True,84190,4,lenient,4,4,0,26,26,1,,,,,,,,,,,,,,,,,,,,,,,,,,,,,,,2.972,,,,3.37
2025-04-29 15:14:01,True,86550,3,strict,2,2,0,15,15,0,Female,Black,,1996,"50,000 - 74,999",High school diploma,Yes,Other,education,Yes,Yes for both targets.,15,0,,,Yes,50,75,40,50,50,75,50,50,60,50,60,50,50,50,15.954,,,14.535,
2025-04-30 07:33:34,True,66492,1,strict,5,5,0,27,27,0,Male,Asian,,2003,"25,000 - 49,999",College/ university degree or equivalent or above,No,Student,,Yes,,35,3,,,,35,50,50,100,100,200,200,5,10,20,25,30,20,40,17.822,17.196,,,
2025-05-01 06:28:11,True,89551,2,strict,3,3,0,20,20,0,Female,White,,1989,"50,000 - 74,999",High school diploma,No,Clerical,,Yes,Yes for both targets.,45,0,,,Yes,250,500,1000,1000,1000,1000,1000,500,1000,1000,1000,1000,1000,500,24.316,,42.089,,
2025-05-01 09:18:33,True,78447,2,lenient,5,5,1,25,25,0,Female,White,,1995,"120,000 - 199,999",College/ university degree or equivalent or above,No,"Professional services (e.g. accounting, banking, consulting)",,Yes,Yes for both targets.,100%,0,,,Yes,50,50,60,70,75,80,100,25,50,50,60,60,65,70,20.855,,107.226,,
2025-05-01 10:06:46,False,61076,4,lenient,3,3,0,,,,,,,,,,,,,,,,,,,,,,,,,,,,,,,,,,107.696,,,,51.008
2025-05-01 10:11:57,False,89520,,,0,0,0,,,,,,,,,,,,,,,,,,,,,,,,,,,,,,,,,,11.364,,,,
2025-05-01 10:20:40,False,86368,2,strict,2,2,2,,,,,,,,,,,,,,,,,,,,,,,,,,,,,,,,,,15.33,,44.415,,
2025-05-01 10:21:57,False,64411,4,strict,3,3,1,,,,,,,,,,,,,,,,,,,,,,,,,,,,,,,,,,21.865,,,,
2025-05-01 10:31:11,False,48673,3,strict,4,4,3,,,,,,,,,,,,,,,,,,,,,,,,,,,,,,,,,,8.069,,,71.464,
2025-05-01 10:38:34,False,75564,,,,,,,,,,,,,,,,,,,,,,,,,,,,,,,,,,,,,,,,,,,
2025-05-01 10:42:25,False,85453,2,lenient,3,3,0,,,,,,,,,,,,,,,,,,,,,,,,,,,,,,,,,,8.475,,92.667,,
2025-05-01 10:47:24,False,89021,3,lenient,5,5,0,,,,,,,,,,,,,,,,,,,,,,,,,,,,,,,,,,11.341,,,23.408,
2025-05-01 11:00:06,False,39549,2,lenient,4,4,0,,,,,,,,,,,,,,,,,,,,,,,,,,,,,,,,,,29.225,,3657.265,,
2025-05-01 11:21:09,False,39549,,,0,0,0,,,,,,,,,,,,,,,,,,,,,,,,,,,,,,,,,,2.569,,,,
2025-05-01 16:36:30,False,48673,,,,,,,,,,,,,,,,,,,,,,,,,,,,,,,,,,,,,,,,,,,
2025-05-02 10:36:20,False,72298,3,strict,1,1,0,,,,,,,,,,,,,,,,,,,,,,,,,,,,,,,,,,46.714,,,123.442,
2025-05-02 10:39:17,False,90694,3,lenient,3,3,0,,,,,,,,,,,,,,,,,,,,,,,,,,,,,,,,,,15.622,,,47.498,
2025-05-02 10:44:47,False,91264,4,strict,4,4,0,14,14,2,,,,,,,,,,,,,,,,,,,,,,,,,,,,,,,34.796,,,,2.878
2025-05-02 10:45:09,False,91264,,,,,,,,,,,,,,,,,,,,,,,,,,,,,,,,,,,,,,,,,,,
2025-05-02 11:02:09,False,91010,1,strict,7,7,1,0,0,0,,,,,,,,,,,,,,,,,,,,,,,,,,,,,,,1.978,2.758,,,
2025-05-02 11:07:36,False,88881,3,strict,4,4,0,,,,,,,,,,,,,,,,,,,,,,,,,,,,,,,,,,7.322,,,10.848,
2025-05-02 11:12:48,False,91151,4,lenient,4,4,0,,,,,,,,,,,,,,,,,,,,,,,,,,,,,,,,,,43.352,,,,76.527
2025-05-02 11:37:42,False,88205,2,strict,5,5,1,,,,,,,,,,,,,,,,,,,,,,,,,,,,,,,,,,48.475,,34.398,,
2025-05-02 11:55:01,False,90141,3,lenient,5,5,0,,,,,,,,,,,,,,,,,,,,,,,,,,,,,,,,,,20.042,,,39.883,
2025-05-02 12:08:56,False,90793,3,strict,3,3,0,,,,,,,,,,,,,,,,,,,,,,,,,,,,,,,,,,10.795,,,20.157,
2025-05-02 12:20:33,False,90717,2,lenient,4,4,0,,,,,,,,,,,,,,,,,,,,,,,,,,,,,,,,,,12.487,,10.61,,
2025-05-02 12:21:56,False,90377,4,strict,4,4,0,,,,,,,,,,,,,,,,,,,,,,,,,,,,,,,,,,5.085,,,,20.366
2025-05-02 12:22:48,False,88980,,,1,1,0,,,,,,,,,,,,,,,,,,,,,,,,,,,,,,,,,,15.082,,,,
2025-05-02 12:27:35,False,90377,4,lenient,5,5,0,9,9,1,,,,,,,,,,,,,,,,,,,,,,,,,,,,,,,14.815,,,,30.682
2025-05-02 12:29:40,False,48673,,,0,0,0,,,,,,,,,,,,,,,,,,,,,,,,,,,,,,,,,,10.983,,,,
2025-05-02 12:37:08,False,48673,1,strict,5,5,1,13,13,1,Female,Asian,,2000,"75,000 - 119,999",College/ university degree or equivalent or above,No,"Professional services (e.g. accounting, banking, consulting)",,No,,All,1,,,,,,,,,,,,,,,,,,2.218,0.785,,,
2025-05-02 12:37:41,False,88980,2,lenient,3,3,0,,,,,,,,,,,,,,,,,,,,,,,,,,,,,,,,,,2.439,,778.446,,
2025-05-02 12:39:39,False,89997,3,lenient,4,4,0,9,9,0,,,,,,,,,,,,,,,,,,,,,,,,,,,,,,,14.05,,,16.214,
2025-05-02 12:52:58,False,88848,,,,,,,,,,,,,,,,,,,,,,,,,,,,,,,,,,,,,,,,,,,
2025-05-02 13:00:38,False,20035,2,lenient,5,5,0,0,0,0,,,,,,,,,,,,,,,,,,,,,,,,,,,,,,,15.145,,88.905,,
2025-05-02 13:22:03,False,46616,,,,,,,,,,,,,,,,,,,,,,,,,,,,,,,,,,,,,,,,,,,
2025-05-02 14:13:47,False,89001,4,lenient,2,2,1,,,,,,,,,,,,,,,,,,,,,,,,,,,,,,,,,,28.161,,,,10.716
2025-05-02 14:29:53,False,79013,2,strict,4,4,0,,,,,,,,,,,,,,,,,,,,,,,,,,,,,,,,,,47.542,,37.961,,
2025-05-02 14:30:34,False,87791,2,lenient,2,2,0,,,,,,,,,,,,,,,,,,,,,,,,,,,,,,,,,,86.376,,73.894,,
2025-05-02 15:14:47,False,90994,2,lenient,3,3,0,,,,,,,,,,,,,,,,,,,,,,,,,,,,,,,,,,9.88,,63.27,,
2025-05-02 15:15:37,False,68231,3,strict,5,5,0,,,,,,,,,,,,,,,,,,,,,,,,,,,,,,,,,,10.112,,,16.862,
2025-05-02 15:45:53,False,91245,2,strict,3,3,0,0,0,0,,,,,,,,,,,,,,,,,,,,,,,,,,,,,,,37.662,,14.12,,
2025-05-02 16:07:10,False,91196,4,lenient,6,6,0,,,,,,,,,,,,,,,,,,,,,,,,,,,,,,,,,,37.453,,,,30.302
2025-05-02 16:10:43,False,91196,2,lenient,7,6,1,,,,,,,,,,,,,,,,,,,,,,,,,,,,,,,,,,3.28,,18.753,,
2025-05-02 17:21:28,False,76337,4,lenient,3,3,0,,,,,,,,,,,,,,,,,,,,,,,,,,,,,,,,,,6.281,,,,16.221
2025-05-02 17:25:13,False,91085,3,strict,3,3,0,,,,,,,,,,,,,,,,,,,,,,,,,,,,,,,,,,10.651,,,69.488,
2025-05-02 20:45:06,False,88588,2,lenient,4,4,0,,,,,,,,,,,,,,,,,,,,,,,,,,,,,,,,,,83.53,,46.958,,
2025-05-03 10:50:52,False,89001,1,strict,2,2,0,3,3,0,,,,,,,,,,,,,,,,,,,,,,,,,,,,,,,12.51,4.246,,,
2025-05-04 03:20:11,False,90207,2,lenient,2,2,0,,,,,,,,,,,,,,,,,,,,,,,,,,,,,,,,,,17.7,,21.422,,
2025-05-04 07:53:37,False,88848,,,,,,,,,,,,,,,,,,,,,,,,,,,,,,,,,,,,,,,,,,,
2025-05-05 12:00:18,False,90694,,,,,,,,,,,,,,,,,,,,,,,,,,,,,,,,,,,,,,,,,,,
2025-05-08 06:09:25,False,61822,3,strict,4,4,1,,,,,,,,,,,,,,,,,,,,,,,,,,,,,,,,,,22.004,,,26.93,
