recordeddate,treatment,criterion,demo_sets_attempted,demo_sets_completed,demo_mistakes,sets_attempted,sets_completed,mistakes,gender,race,race_other,age,income,edu,econ,occupation,occupation_other,mouse,targets_achieve_attempt,sets_completed_goal,mistakes_goal,targets_ignore_reason,targets_ignore_reason_other,targets_explanation_help,fix_5,fix_7.5,fix_10,fix_12.5,fix_15,fix_17.5,fix_20,random_5,random_7.5,random_10,random_12.5,random_15,random_17.5,random_20,common_instructions_time,treatment1_instructions_time,treatment2_instructions_time,treatment3_instructions_time,treatment4_instructions_time,sample,race_other_grouped,occupation_other_grouped,completion_prop,completion_rate,mistake_rate,recorded_mistake_rate
2025-04-24T15:27:04Z,1,strict,5,5,0,21,21,1,Male,White,NA,19,"75,000 - 119,999",College degree or above,Yes,Student,NA,No,NA,NA,1,NA,NA,NA,1000,1000,1000,1000,1000,1000,1000,1000,1000,1000,1000,1000,1000,1000,37.816,13.338,NA,NA,NA,micro,NA,NA,1,4.2,4.761904761904762,4.761904761904762
2025-04-24T15:27:39Z,2,lenient,4,4,0,22,16,14,Female,Asian,NA,20,"0 - 24,999",College degree or above,Yes,Student,NA,No,Yes for both targets.,NA,NA,NA,NA,No,NA,NA,NA,NA,NA,NA,NA,NA,NA,NA,NA,NA,NA,NA,13.218,NA,8.351,NA,NA,micro,NA,NA,0.7272727272727273,3.2,63.63636363636363,15.909090909090908
2025-04-24T15:27:40Z,4,lenient,4,4,0,17,17,0,Male,White,NA,19,"200,000 and over",College degree or above,Yes,Student,NA,No,Yes for both targets.,20,0,NA,NA,NA,0,0,50,50,50,50,50,0,20,0,20,20,50,20,11.56,NA,NA,NA,6.791,micro,NA,NA,1,3.4,0,0
2025-04-24T15:27:46Z,1,strict,6,6,0,26,26,1,Male,Asian,NA,19,"200,000 and over",College degree or above,Yes,Student,NA,No,NA,30,0,NA,NA,NA,NA,NA,NA,NA,NA,NA,NA,NA,NA,NA,NA,NA,NA,NA,27.907,8.143,NA,NA,NA,micro,NA,NA,1,5.2,3.8461538461538463,3.8461538461538463
2025-04-24T15:27:47Z,3,strict,6,6,0,25,24,1,Male,Asian,NA,19,"200,000 and over",College degree or above,Yes,Student,NA,No,Yes for both targets.,NA,0,NA,NA,No,NA,NA,NA,NA,NA,NA,NA,NA,NA,NA,NA,NA,NA,NA,5.113,NA,NA,9.02,NA,micro,NA,NA,0.96,4.8,4,4
2025-04-24T15:27:53Z,4,lenient,6,6,0,31,31,0,Female,Asian,NA,19,"200,000 and over",College degree or above,Yes,Student,NA,Yes,Yes but only for accuracy target,NA,NA,Did not care about target(s),NA,NA,10,20,60,50,70,75,100,10,40,30,30,20,30,50,23.144,NA,NA,NA,19.137,micro,NA,NA,1,6.2,0,0
2025-04-24T15:28:50Z,1,strict,5,5,0,26,26,1,Male,Asian,NA,21,"75,000 - 119,999",College degree or above,Yes,Student,NA,No,NA,NA,0,NA,NA,NA,1000,1000,1000,1000,1000,1000,1000,10,10,10,10,10,10,10,17.017,25.27,NA,NA,NA,micro,NA,NA,1,5.2,3.8461538461538463,3.8461538461538463
2025-04-24T15:28:59Z,4,strict,6,6,0,27,27,0,Male,White,NA,20,"200,000 and over",College degree or above,Yes,Student,NA,No,Yes for both targets.,NA,0,NA,NA,NA,0,0,1000,500,1000,1000,1000,0,500,100,1000,600,800,1000,28.342,NA,NA,NA,12.994,micro,NA,NA,1,5.4,0,0
2025-04-24T15:29:10Z,3,strict,3,3,0,21,21,1,Male,Hispanic,NA,19,"25,000 - 49,999",College degree or above,Yes,Student,NA,No,Yes but only for accuracy target,25,0,NA,NA,Yes,25,30,40,55,70,85,100,20,50,60,75,80,100,150,30.038,NA,NA,52.867,NA,micro,NA,NA,1,4.2,4.761904761904762,4.761904761904762
2025-04-24T15:29:16Z,2,lenient,4,4,0,28,28,1,Male,Asian,NA,20,"200,000 and over",College degree or above,Yes,Student,NA,Yes,Yes but only for accuracy target,20,0.5,Other,Making a mistake would not save me much time.,Yes,100,500,250,750,200,1000,1000,0,0,500,250,750,1000,1000,12.456,NA,22.938,NA,NA,micro,NA,NA,1,5.6,3.571428571428571,0.8928571428571428
2025-04-24T15:29:17Z,4,lenient,3,1,2,21,21,1,Male,Asian,NA,21,"200,000 and over",College degree or above,Yes,Student,NA,Yes,Yes but only for accuracy target,10,2,NA,NA,NA,0,0,0,0,0,0,0,NA,NA,NA,NA,NA,NA,NA,6.382,NA,NA,NA,16.553,micro,NA,NA,1,4.2,4.761904761904762,1.1904761904761905
2025-04-24T15:29:31Z,4,strict,4,4,0,18,17,1,Female,Black,NA,19,"25,000 - 49,999",College degree or above,Yes,Student,NA,No,Yes for both targets.,20,1,NA,NA,NA,10,10,50,10,10,10,50,10,10,10,30,40,15,50,17.547,NA,NA,NA,25.507,micro,NA,NA,0.9444444444444444,3.4,5.555555555555555,5.555555555555555
2025-04-24T15:29:41Z,4,lenient,5,5,1,28,28,1,Male,White,NA,19,"75,000 - 119,999",College degree or above,Yes,Student,NA,No,Yes for both targets.,NA,0,NA,NA,NA,250,375,500,625,750,875,1000,300,400,500,600,700,800,1000,34.684,NA,NA,NA,43.421,micro,NA,NA,1,5.6,3.571428571428571,0.8928571428571428
2025-04-24T15:29:59Z,1,strict,5,5,2,24,24,0,Female,Asian,NA,19,"120,000 - 199,999",College degree or above,Yes,Student,NA,No,NA,NA,NA,NA,NA,NA,0,0,5,8,80,100,150,10,10,30,15,32,50,17,40.373,5.415,NA,NA,NA,micro,NA,NA,1,4.8,0,0
2025-04-24T15:30:02Z,2,strict,5,5,1,25,25,3,Female,Asian,NA,19,"120,000 - 199,999",College degree or above,Yes,Student,NA,No,Yes for both targets.,30,5,NA,NA,Yes,1,8,5,10,10,20,10,5,5,10,10,10,10,30,20.082,NA,10.586,NA,NA,micro,NA,NA,1,5,12,12
2025-04-24T15:30:05Z,1,strict,4,4,0,22,21,14,Female,Hispanic,NA,20,"200,000 and over",College degree or above,Yes,Student,NA,No,NA,15,3,NA,NA,NA,500,400,600,700,800,900,1000,100,300,400,200,500,600,700,29.296,14.245,NA,NA,NA,micro,NA,NA,0.9545454545454546,4.2,63.63636363636363,63.63636363636363
2025-04-24T15:30:16Z,3,strict,5,5,0,25,25,0,Female,Black,NA,20,"50,000 - 74,999",College degree or above,Yes,Student,NA,Yes,Yes for both targets.,NA,0,NA,NA,No,300,500,600,800,1000,900,1000,200,600,700,1000,1000,1000,1000,21.12,NA,NA,76.384,NA,micro,NA,NA,1,5,0,0
2025-04-24T15:30:25Z,2,lenient,5,5,1,26,26,2,Male,Mixed,Mixed White and African American,20,"200,000 and over",College degree or above,Yes,Student,NA,No,Yes for both targets.,45,0,NA,NA,Yes,50,750,750,1000,1000,1000,1000,100,500,500,750,1000,750,1000,21.933,NA,28.74,NA,NA,micro,Mixed,NA,1,5.2,7.6923076923076925,1.9230769230769231
2025-04-24T15:30:35Z,1,strict,4,4,0,24,24,0,Male,White,NA,20,"120,000 - 199,999",College degree or above,Yes,Student,NA,No,NA,NA,0,NA,NA,NA,1000,1000,1000,1000,1000,1000,1000,500,750,1000,1000,1000,1000,1000,12.994,5.219,NA,NA,NA,micro,NA,NA,1,4.8,0,0
2025-04-24T15:31:13Z,3,strict,5,5,0,30,30,0,Male,Asian,NA,19,NA,College degree or above,Yes,Student,NA,No,Yes for both targets.,40,0,NA,NA,No,0,0,0,0,0,1000,1000,0,0,0,0,0,1000,0,11.822,NA,NA,19.301,NA,micro,NA,NA,1,6,0,0
2025-04-24T15:31:28Z,2,strict,5,5,1,29,29,1,Male,Asian,NA,19,"200,000 and over",College degree or above,Yes,Student,NA,No,Yes but only for accuracy target,35,0.5,Other,NA,Yes,40,50,60,65,65,70,75,20,60,40,50,50,60,70,15.205,NA,12.752,NA,NA,micro,NA,NA,1,5.8,3.4482758620689653,3.4482758620689653
2025-04-24T15:31:31Z,2,lenient,4,4,0,20,20,0,Female,White,NA,19,"0 - 24,999",College degree or above,Yes,Student,NA,No,Yes but only for accuracy target,30,0,Did not care about target(s),NA,No,0,200,600,700,900,1000,1000,0,200,400,500,600,700,1000,14.115,NA,34.451,NA,NA,micro,NA,NA,1,4,0,0
2025-04-24T15:31:56Z,3,strict,4,4,1,24,24,4,Female,Asian,NA,19,"50,000 - 74,999",College degree or above,Yes,Student,NA,No,Yes but only for accuracy target,45,5,Did not care about target(s),NA,No,300,500,700,800,900,950,1000,100,250,400,500,600,900,1000,29.21,NA,NA,27.312,NA,micro,NA,NA,1,4.8,16.666666666666664,16.666666666666664
2025-04-24T15:31:59Z,1,strict,4,4,0,18,18,0,Female,White,NA,21,"200,000 and over",College degree or above,Yes,Student,NA,No,NA,15,0,NA,NA,NA,2,15,20,50,55,55,60,0,15,30,30,50,50,60,16.269,2.28,NA,NA,NA,micro,NA,NA,1,3.6,0,0
2025-04-24T15:32:08Z,4,lenient,5,5,0,20,19,14,Female,Asian,NA,20,"75,000 - 119,999",College degree or above,Yes,Student,NA,No,Yes for both targets.,NA,NA,NA,NA,NA,26,203,9,1,7,8,30,6,4,8,7,5,3,1,4.568,NA,NA,NA,8.47,micro,NA,NA,0.95,3.8,70,17.5
2025-04-24T15:32:11Z,3,strict,6,5,1,30,30,2,Female,Asian,NA,20,"200,000 and over",College degree or above,Yes,Student,NA,No,Yes but only for accuracy target,40,1,Too difficult to achieve target(s),NA,Yes,30,200,300,400,300,500,1000,10,300,300,300,300,400,500,82.519,NA,NA,39.75,NA,micro,NA,NA,1,6,6.666666666666667,6.666666666666667
2025-04-24T15:33:53Z,3,lenient,4,4,0,23,23,0,Female,White,NA,20,"120,000 - 199,999",College degree or above,Yes,Student,NA,No,Yes for both targets.,40,0,NA,NA,Yes,20,20,20,30,30,40,40,30,30,30,40,49,40,40,10.599,NA,NA,8.673,NA,micro,NA,NA,1,4.6,0,0
2025-04-24T15:34:46Z,4,lenient,4,4,0,20,20,0,Male,White,NA,20,"200,000 and over",College degree or above,Yes,Student,NA,No,Yes for both targets.,NA,NA,NA,NA,NA,50,50,75,200,500,600,100,0,0,300,200,800,500,1000,23.272,NA,NA,NA,13.029,micro,NA,NA,1,4,0,0
2025-04-24T15:35:13Z,1,strict,4,4,0,17,17,0,Male,Asian,NA,20,"200,000 and over",College degree or above,Yes,Student,NA,No,NA,15,0,NA,NA,NA,1000,1000,1000,1000,1000,1000,1000,1000,1000,1000,1000,1000,1000,1000,3.07,1.931,NA,NA,NA,micro,NA,NA,1,3.4,0,0
2025-04-24T15:35:43Z,1,strict,5,5,0,30,30,1,Female,Asian,NA,19,"75,000 - 119,999",College degree or above,Yes,Student,NA,No,NA,NA,0,NA,NA,NA,20,14,10,8,67,58,50,NA,NA,NA,NA,NA,NA,NA,23.212,19.361,NA,NA,NA,micro,NA,NA,1,6,3.3333333333333335,3.3333333333333335
2025-04-24T15:35:48Z,2,strict,3,3,0,17,17,0,Female,Asian,NA,21,"200,000 and over",College degree or above,Yes,Student,NA,No,Yes but only for speed target,NA,0,Did not care about target(s),NA,Yes,100,100,800,900,900,800,900,900,900,999,900,999,1000,999,3.848,NA,10.31,NA,NA,micro,NA,NA,1,3.4,0,0
2025-04-24T15:36:02Z,2,lenient,6,6,0,29,29,1,Male,White,NA,19,"200,000 and over",College degree or above,Yes,Student,NA,No,Yes but only for accuracy target,NA,4,Too difficult to achieve target(s),NA,Yes,50,50,60,70,80,100,100,50,50,70,80,80,120,150,3.948,NA,59.661,NA,NA,micro,NA,NA,1,5.8,3.4482758620689653,0.8620689655172413
2025-04-24T15:36:17Z,1,strict,6,6,1,28,28,1,Male,White,NA,20,"200,000 and over",College degree or above,Yes,Student,NA,Yes,NA,NA,1,NA,NA,NA,1000,1000,1000,1000,1000,1000,1000,1000,1000,1000,1000,1000,1000,1000,1.656,3.567,NA,NA,NA,micro,NA,NA,1,5.6,3.571428571428571,3.571428571428571
2025-04-24T15:38:13Z,1,strict,3,3,0,14,14,1,Female,Black,NA,19,"0 - 24,999",College degree or above,Yes,Student,NA,No,NA,NA,0,NA,NA,NA,NA,NA,NA,NA,NA,NA,NA,NA,NA,NA,NA,NA,NA,NA,28.179,9.247,NA,NA,NA,micro,NA,NA,1,2.8,7.142857142857142,7.142857142857142
2025-04-24T15:40:42Z,4,lenient,4,4,1,19,18,1,Female,White,NA,19,"120,000 - 199,999",College degree or above,Yes,Student,NA,No,Yes for both targets.,15,1,NA,NA,NA,100,100,100,150,170,200,1000,50,100,100,200,200,250,250,17.352,NA,NA,NA,33.125,micro,NA,NA,0.9473684210526315,3.6,5.263157894736842,1.3157894736842104
2025-04-24T15:40:50Z,3,strict,6,6,0,28,28,0,Male,NA,NA,19,NA,College degree or above,Yes,Student,NA,No,NA,NA,NA,NA,NA,NA,NA,NA,NA,NA,NA,NA,NA,NA,NA,NA,NA,NA,NA,NA,35.897,NA,NA,29.304,NA,micro,NA,NA,1,5.6,0,0
2025-04-24T15:41:32Z,2,lenient,5,5,0,22,22,0,Female,White,NA,21,"200,000 and over",College degree or above,Yes,Student,NA,Yes,Yes for both targets.,40,0,NA,NA,Yes,20,25,40,35,43,45,50,5,10,25,25,15,40,40,12.718,NA,531.852,NA,NA,micro,NA,NA,1,4.4,0,0
2025-04-24T15:43:52Z,4,lenient,5,5,0,25,25,2,Female,NA,NA,NA,NA,College degree or above,Yes,Student,NA,Yes,Yes but only for accuracy target,NA,NA,NA,NA,NA,NA,NA,NA,NA,NA,NA,NA,NA,NA,NA,NA,NA,NA,NA,13.04,NA,NA,NA,6.776,micro,NA,NA,1,5,8,2
2025-04-24T15:47:52Z,3,strict,5,5,0,26,26,1,Female,Asian,NA,19,"25,000 - 49,999",College degree or above,Yes,Student,NA,No,Yes for both targets.,NA,0,NA,NA,No,1000,1000,1000,1000,1000,1000,1000,1000,1000,1000,1000,1000,1000,1000,111.033,NA,NA,22.121,NA,micro,NA,NA,1,5.2,3.8461538461538463,3.8461538461538463
2025-04-24T15:49:34Z,4,lenient,6,6,0,33,33,1,Male,Asian,NA,24,"50,000 - 74,999",College degree or above,Yes,Student,NA,No,Yes for both targets.,35,2,NA,NA,NA,50,150,250,350,500,750,1000,400,500,500,750,750,1000,1000,27.442,NA,NA,NA,18.941,micro,NA,NA,1,6.6,3.0303030303030303,0.7575757575757576
2025-04-24T15:49:54Z,2,lenient,5,5,0,26,26,5,NA,NA,NA,NA,NA,College degree or above,Yes,Student,NA,No,Yes but only for accuracy target,45,4,Did not care about target(s),NA,Yes,0,0,100,200,500,800,1000,0,100,100,200,900,1000,500,8.991,NA,16.27,NA,NA,micro,NA,NA,1,5.2,19.230769230769234,4.807692307692308
2025-04-24T15:52:34Z,1,strict,6,6,0,32,32,3,Male,White,NA,19,"200,000 and over",College degree or above,Yes,Student,NA,Yes,NA,NA,0,NA,NA,NA,5,8,10,13,15,17,20,5,5,28,20,8,22,35,10.949,4.439,NA,NA,NA,micro,NA,NA,1,6.4,9.375,9.375
2025-04-24T15:53:04Z,3,lenient,6,6,0,35,30,9,Male,White,NA,21,"0 - 24,999",College degree or above,Yes,Student,NA,Yes,Yes for both targets.,45,18,NA,NA,No,30,30,1000,1000,1000,1000,1000,30,40,1000,1000,1000,1000,1000,56.624,NA,NA,130.705,NA,micro,NA,NA,0.8571428571428571,6,25.71428571428571,6.428571428571428
2025-04-24T15:54:27Z,1,strict,5,4,1,17,17,0,Male,Asian,NA,21,"200,000 and over",College degree or above,Yes,Student,NA,No,NA,15,0,NA,NA,NA,0,0,0,0,0,0,0,0,0,0,0,0,0,0,16.951,8.48,NA,NA,NA,micro,NA,NA,1,3.4,0,0
2025-04-24T15:54:52Z,4,lenient,5,5,0,27,27,0,Female,Asian,NA,20,"25,000 - 49,999",College degree or above,Yes,Student,NA,Yes,Yes for both targets.,10,0,NA,NA,NA,10,10,40,10,10,40,50,8,30,10,20,45,40,50,1.711,NA,NA,NA,15.679,micro,NA,NA,1,5.4,0,0
2025-04-24T15:55:38Z,2,lenient,6,6,0,35,35,0,Male,Asian,NA,21,"200,000 and over",College degree or above,Yes,Student,NA,No,Yes but only for accuracy target,45,0,Too difficult to achieve target(s),NA,No,0,0,0,0,0,0,1000,NA,NA,NA,NA,NA,NA,NA,2.643,NA,14.723,NA,NA,micro,NA,NA,1,7,0,0
2025-04-24T15:58:13Z,1,strict,4,4,0,21,21,0,Female,White,NA,20,"120,000 - 199,999",College degree or above,Yes,Student,NA,Yes,NA,20,1,NA,NA,NA,50,75,100,125,150,175,200,50,75,100,125,150,175,200,38.371,6.797,NA,NA,NA,micro,NA,NA,1,4.2,0,0
2025-04-24T15:59:36Z,2,strict,4,4,0,27,27,1,Female,Mixed,Black and Hispanic,22,"200,000 and over",College degree or above,Yes,Student,NA,No,Yes for both targets.,30,30,NA,NA,Yes,10,10,10,20,20,20,30,NA,NA,NA,NA,NA,NA,NA,21.384,NA,20.106,NA,NA,micro,Mixed,NA,1,5.4,3.7037037037037033,3.7037037037037033
2025-04-24T16:00:55Z,4,lenient,6,6,0,31,31,0,Male,Mixed,"Asian, White",20,"200,000 and over",College degree or above,Yes,Student,NA,No,Yes for both targets.,45,0,NA,NA,NA,10,20,50,372,100,400,500,0,100,150,200,300,372,500,7.792,NA,NA,NA,141.667,micro,Mixed,NA,1,6.2,0,0
2025-04-24T16:06:56Z,2,lenient,1,1,0,18,18,0,Female,Asian,NA,20,NA,College degree or above,Yes,Student,NA,No,Yes for both targets.,20,0,NA,NA,Yes,100,200,700,250,500,600,600,1000,1000,10000,1000,1000,1000,1000,7.177,NA,390.715,NA,NA,micro,NA,NA,1,3.6,0,0
2025-04-24T16:07:11Z,1,strict,3,2,3,23,23,2,NA,NA,NA,NA,NA,College degree or above,Yes,Student,NA,Yes,NA,NA,NA,NA,NA,NA,NA,NA,NA,NA,NA,NA,NA,NA,NA,NA,NA,NA,NA,NA,2.971,4.785,NA,NA,NA,micro,NA,NA,1,4.6,8.695652173913043,8.695652173913043
2025-04-24T16:08:15Z,1,strict,5,5,0,25,25,1,Female,Asian,NA,19,NA,College degree or above,Yes,Student,NA,No,NA,30,NA,NA,NA,NA,90,90,100,120,130,140,200,30,30,30,40,50,50,50,1.891,6.207,NA,NA,NA,micro,NA,NA,1,5,4,4
2025-04-24T16:08:30Z,4,lenient,4,4,4,34,26,28,Male,White,NA,19,"75,000 - 119,999",College degree or above,Yes,Student,NA,No,No for both targets,45,5,Too difficult to achieve target(s),NA,NA,0,6,7,100,4,100,5,2,4,50,5,7,8,100,12.722,NA,NA,NA,27.599,micro,NA,NA,0.7647058823529411,5.2,82.35294117647058,20.588235294117645
2025-04-24T16:19:48Z,1,strict,6,6,0,34,34,3,Male,White,NA,19,"200,000 and over",College degree or above,Yes,Student,NA,No,NA,NA,0,NA,NA,NA,0,0,0,0,0,0,0,0,0,0,0,0,0,0,15.029,6.162,NA,NA,NA,micro,NA,NA,1,6.8,8.823529411764707,8.823529411764707
2025-04-24T16:20:31Z,4,lenient,5,5,0,30,30,0,Female,White,NA,19,"200,000 and over",College degree or above,Yes,Student,NA,No,Yes but only for accuracy target,30,NA,Too difficult to understand/ recall target(s),NA,NA,0,0,0,30,30,30,30,0,0,0,0,40,40,30,26.451,NA,NA,NA,19.939,micro,NA,NA,1,6,0,0
2025-04-24T16:21:33Z,3,strict,5,5,0,27,27,0,Female,Asian,NA,19,NA,College degree or above,Yes,Student,NA,Yes,Yes for both targets.,45,4,NA,NA,Yes,100,100,100,100,100,100,100,100,100,100,100,100,100,100,41.509,NA,NA,53.558,NA,micro,NA,NA,1,5.4,0,0
2025-04-24T16:22:30Z,2,lenient,8,8,8,28,28,0,Male,Asian,NA,19,"200,000 and over",College degree or above,Yes,Student,NA,Yes,Yes for both targets.,40,0,NA,NA,Yes,1000,1000,1000,1000,1000,1000,1000,50,300,90,100,300,400,70,7.992,NA,18.081,NA,NA,micro,NA,NA,1,5.6,0,0
2025-04-24T16:24:13Z,2,lenient,5,5,0,32,31,1,Male,Asian,NA,19,"200,000 and over",College degree or above,Yes,Student,NA,No,Yes for both targets.,NA,NA,NA,NA,Yes,NA,NA,NA,NA,NA,NA,NA,NA,NA,NA,NA,NA,NA,NA,7.244,NA,14.836,NA,NA,micro,NA,NA,0.96875,6.2,3.125,0.78125
2025-04-24T16:28:18Z,3,lenient,5,5,0,28,28,1,Female,Asian,NA,19,"200,000 and over",College degree or above,Yes,Student,NA,No,No for both targets,NA,0,Did not care about target(s),NA,No,1000,1000,1000,1000,1000,1000,1000,1000,1000,1000,1000,1000,1000,1000,21.144,NA,NA,18.644,NA,micro,NA,NA,1,5.6,3.571428571428571,0.8928571428571428
2025-04-24T16:38:34Z,1,strict,5,5,0,31,31,0,Female,Asian,NA,19,"200,000 and over",College degree or above,Yes,Student,NA,Yes,NA,30,0,NA,NA,NA,0,0,0,0,10,10,10,0,0,0,0,30,20,40,12.572,1.464,NA,NA,NA,micro,NA,NA,1,6.2,0,0
2025-04-24T16:39:08Z,4,lenient,5,5,0,23,23,1,Female,Asian,NA,19,"75,000 - 119,999",College degree or above,Yes,Student,NA,Yes,Yes for both targets.,20,0,NA,NA,NA,200,800,1000,1000,1000,1000,1000,400,400,600,1000,1000,800,1000,7.257,NA,NA,NA,2024.3,micro,NA,NA,1,4.6,4.3478260869565215,1.0869565217391304
2025-04-24T16:42:57Z,4,lenient,8,8,0,33,33,4,Male,Asian,Indian,19,"200,000 and over",College degree or above,Yes,Student,NA,Yes,Yes for both targets.,45,2,NA,NA,NA,5,50,200,300,700,400,1000,1,70,200,300,300,600,1000,2.141,NA,NA,NA,4.703,micro,Asian,NA,1,6.6,12.121212121212121,3.0303030303030303
2025-04-24T16:46:57Z,3,strict,6,6,0,33,33,0,Male,Asian,NA,20,"200,000 and over",College degree or above,Yes,Student,NA,No,Yes for both targets.,25,1,NA,NA,Yes,0,10,50,50,100,60,100,NA,NA,NA,NA,NA,NA,NA,89.219,NA,NA,23.834,NA,micro,NA,NA,1,6.6,0,0
2025-04-24T16:47:16Z,4,lenient,5,5,0,33,33,0,Male,White,NA,21,"200,000 and over",College degree or above,Yes,Student,NA,No,Yes but only for accuracy target,NA,NA,Too difficult to achieve target(s),NA,NA,1000,1000,1000,1000,1000,1000,1000,500,400,650,1000,1000,1000,1000,7.937,NA,NA,NA,19.165,micro,NA,NA,1,6.6,0,0
2025-04-24T16:48:04Z,3,lenient,3,3,0,20,20,0,Female,Asian,NA,19,"120,000 - 199,999",College degree or above,Yes,Student,NA,Yes,Yes for both targets.,NA,NA,NA,NA,No,NA,NA,NA,NA,NA,NA,NA,NA,NA,NA,NA,NA,NA,NA,8.742,NA,NA,41.412,NA,micro,NA,NA,1,4,0,0
2025-04-24T16:49:38Z,2,lenient,6,6,0,28,28,0,Female,White,NA,19,"200,000 and over",College degree or above,Yes,Student,NA,No,Yes for both targets.,NA,NA,NA,NA,No,NA,NA,NA,NA,NA,NA,NA,NA,NA,NA,NA,NA,NA,NA,13.722,NA,8.673,NA,NA,micro,NA,NA,1,5.6,0,0
2025-04-24T16:52:15Z,4,lenient,5,5,0,28,28,1,Male,White,NA,20,"200,000 and over",College degree or above,Yes,Student,NA,Yes,Yes for both targets.,45,1,NA,NA,NA,50,65,75,125,150,175,200,20,20,50,40,20,50,50,3.157,NA,NA,NA,20.897,micro,NA,NA,1,5.6,3.571428571428571,0.8928571428571428
2025-04-24T16:52:54Z,4,lenient,4,4,1,23,23,0,Male,White,NA,20,NA,College degree or above,Yes,Student,NA,No,Yes for both targets.,NA,NA,NA,NA,NA,0,0,0,0,0,0,0,0,0,0,0,0,0,0,63.283,NA,NA,NA,45.291,micro,NA,NA,1,4.6,0,0
2025-04-24T17:07:20Z,3,strict,7,7,1,35,35,1,Male,White,NA,19,"200,000 and over",College degree or above,Yes,Student,NA,No,Yes but only for accuracy target,45,4,Too difficult to achieve target(s),NA,Yes,0,100,200,300,400,500,600,200,300,350,350,400,450,600,3.314,NA,NA,20.476,NA,micro,NA,NA,1,7,2.857142857142857,2.857142857142857
2025-04-24T17:21:10Z,3,strict,5,5,0,27,22,5,Male,White,NA,20,"200,000 and over",College degree or above,Yes,Student,NA,Yes,Yes but only for accuracy target,NA,4,NA,NA,Yes,10,123,100,100,100,100,200,0,10,50,20,50,50,100,24.457,NA,NA,51.63,NA,micro,NA,NA,0.8148148148148148,4.4,18.51851851851852,18.51851851851852
2025-04-24T17:45:23Z,3,strict,4,4,2,21,21,0,Male,Asian,NA,21,"200,000 and over",College degree or above,Yes,Student,NA,Yes,Yes for both targets.,45,0,NA,NA,No,0,0,40,40,40,50,50,0,0,40,50,40,10,50,28.5,NA,NA,30.652,NA,micro,NA,NA,1,4.2,0,0
2025-04-24T17:50:55Z,1,strict,4,4,0,19,19,2,Female,Black,NA,20,"75,000 - 119,999",College degree or above,Yes,Student,NA,Yes,NA,NA,0,NA,NA,NA,2,5,5,5,6,6,10,0,0,0,0,3,6,5,10.363,1.9,NA,NA,NA,micro,NA,NA,1,3.8,10.526315789473683,10.526315789473683
2025-04-24T17:59:45Z,1,strict,4,4,2,24,24,0,Female,White,NA,19,NA,College degree or above,Yes,Student,NA,No,NA,NA,0,NA,NA,NA,100,100,500,500,750,750,1000,100,200,400,750,900,1000,1000,12.927,5.223,NA,NA,NA,micro,NA,NA,1,4.8,0,0
2025-04-24T17:59:59Z,1,strict,5,5,2,26,26,3,Male,Asian,NA,20,"200,000 and over",College degree or above,Yes,Student,NA,No,NA,30,5,NA,NA,NA,30,30,25,10,15,30,25,10,10,10,10,10,10,10,40.606,4.933,NA,NA,NA,micro,NA,NA,1,5.2,11.538461538461538,11.538461538461538
2025-04-24T18:04:22Z,3,strict,6,6,0,34,34,1,Male,White,NA,19,"50,000 - 74,999",College degree or above,Yes,Student,NA,Yes,Yes for both targets.,45,NA,NA,NA,Yes,100,150,200,250,400,1000,1000,200,250,300,300,350,300,350,46.244,NA,NA,37.118,NA,micro,NA,NA,1,6.8,2.941176470588235,2.941176470588235
2025-04-24T18:07:20Z,2,lenient,4,4,0,20,20,0,Female,Asian,NA,19,"25,000 - 49,999",College degree or above,Yes,Student,NA,No,Yes for both targets.,10,0,NA,NA,NA,5,10,10,10,15,20,25,10,10,10,20,20,25,25,2.228,NA,23.418,NA,NA,micro,NA,NA,1,4,0,0
2025-04-24T18:20:10Z,3,strict,13,0,13,26,26,3,Male,Asian,NA,19,"200,000 and over",College degree or above,Yes,Student,NA,Yes,Yes for both targets.,NA,NA,NA,NA,Yes,NA,NA,NA,NA,NA,NA,NA,NA,NA,NA,NA,NA,NA,NA,2.465,NA,NA,2.423,NA,micro,NA,NA,1,5.2,11.538461538461538,11.538461538461538
2025-04-24T18:23:34Z,4,lenient,5,5,0,28,27,8,Female,White,NA,20,"75,000 - 119,999",College degree or above,Yes,Student,NA,No,Yes for both targets.,40,7,NA,NA,NA,50,100,1000,500,1000,1000,1000,0,50,100,500,500,1000,1000,2.031,NA,NA,NA,10.926,micro,NA,NA,0.9642857142857143,5.4,28.57142857142857,7.142857142857142
2025-04-24T18:25:19Z,1,strict,7,7,5,30,30,10,Male,White,NA,19,"200,000 and over",College degree or above,Yes,Student,NA,No,NA,30,NA,NA,NA,NA,400,200,300,500,700,1000,800,35,50,10,40,50,40,70,18.855,5.613,NA,NA,NA,micro,NA,NA,1,6,33.33333333333333,33.33333333333333
2025-04-24T18:26:26Z,1,strict,5,5,1,26,26,0,Male,White,NA,19,"200,000 and over",College degree or above,Yes,Student,NA,No,NA,NA,5,NA,NA,NA,NA,NA,NA,NA,NA,NA,NA,NA,NA,NA,NA,NA,NA,NA,4.47,1.403,NA,NA,NA,micro,NA,NA,1,5.2,0,0
2025-04-24T18:38:20Z,2,lenient,5,5,0,28,27,2,Male,Asian,NA,20,"200,000 and over",College degree or above,Yes,Student,NA,Yes,Yes for both targets.,25,3,NA,NA,Yes,30,35,35,40,30,45,50,20,30,40,25,20,20,100,44.407,NA,102.102,NA,NA,micro,NA,NA,0.9642857142857143,5.4,7.142857142857142,1.7857142857142856
2025-04-24T19:15:10Z,3,lenient,5,5,0,30,30,0,Male,Black,NA,19,"120,000 - 199,999",College degree or above,Yes,Student,NA,No,Yes but only for accuracy target,45,0,Other,I tried to achieve the target of 45 but did not realize I could not be perfect in the allotted amount of time,No,0,0,0,0,1000,1000,1000,0,0,0,1000,1000,1000,1000,27.923,NA,NA,56.316,NA,micro,NA,NA,1,6,0,0
2025-04-24T19:26:56Z,2,lenient,5,5,0,29,29,1,Female,Asian,NA,19,NA,College degree or above,Yes,Student,NA,Yes,Yes for both targets.,30,0,NA,NA,No,NA,NA,NA,NA,NA,NA,NA,NA,NA,NA,NA,NA,NA,NA,27.737,NA,31.218,NA,NA,micro,NA,NA,1,5.8,3.4482758620689653,0.8620689655172413
2025-04-24T19:53:55Z,3,lenient,4,4,0,22,22,1,Male,Asian,NA,21,"200,000 and over",College degree or above,Yes,Student,NA,No,Yes for both targets.,20,NA,NA,NA,Yes,30,50,30,60,50,100,700,3,20,300,20,200,300,300,21.777,NA,NA,7.714,NA,micro,NA,NA,1,4.4,4.545454545454546,1.1363636363636365
2025-04-24T20:01:23Z,4,strict,4,4,2,26,26,3,Female,Black,NA,20,"75,000 - 119,999",College degree or above,Yes,Student,NA,No,Yes for both targets.,NA,NA,NA,NA,NA,2,4,4,4,15,6,25,10,5,15,5,5,50,50,36.912,NA,NA,NA,38.745,micro,NA,NA,1,5.2,11.538461538461538,11.538461538461538
2025-04-24T20:09:01Z,3,strict,4,4,0,23,23,1,Male,Black,NA,20,"200,000 and over",College degree or above,Yes,Student,NA,No,Yes for both targets.,45,0,NA,NA,Yes,10,40,45,40,50,50,50,5,15,20,25,20,40,60,99.697,NA,NA,30.264,NA,micro,NA,NA,1,4.6,4.3478260869565215,4.3478260869565215
2025-04-24T20:11:58Z,1,strict,4,4,0,21,21,7,Female,Hispanic,NA,NA,"0 - 24,999",College degree or above,Yes,Student,NA,Yes,NA,NA,3,NA,NA,NA,1000,900,700,500,300,200,100,1000,1000,1000,1000,1000,1000,1000,3.919,3.651,NA,NA,NA,micro,NA,NA,1,4.2,33.33333333333333,33.33333333333333
2025-04-24T20:22:24Z,4,lenient,6,6,0,26,25,2,Female,Asian,NA,21,"0 - 24,999",College degree or above,Yes,Student,NA,No,Yes for both targets.,45,2,NA,NA,NA,0,0,0,0,0,0,10,0,0,0,0,0,0,0,5.995,NA,NA,NA,15331.288,micro,NA,NA,0.9615384615384616,5,7.6923076923076925,1.9230769230769231
2025-04-24T21:04:19Z,4,strict,6,6,1,30,30,3,Male,White,NA,19,"200,000 and over",College degree or above,Yes,Student,NA,Yes,Yes for both targets.,45,NA,NA,NA,NA,400,450,575,700,800,1000,1000,200,250,400,500,750,600,900,30.875,NA,NA,NA,29.46,micro,NA,NA,1,6,10,10
2025-04-24T21:12:33Z,4,strict,5,5,0,28,28,1,Male,Asian,NA,19,"200,000 and over",College degree or above,Yes,Student,NA,Yes,Yes for both targets.,NA,0,NA,NA,NA,NA,NA,NA,NA,10000,NA,1000,NA,NA,NA,NA,NA,NA,NA,26.525,NA,NA,NA,34.111,micro,NA,NA,1,5.6,3.571428571428571,3.571428571428571
2025-04-24T21:25:22Z,1,strict,6,6,0,28,28,0,Male,White,NA,19,"200,000 and over",College degree or above,Yes,Student,NA,Yes,NA,35,2,NA,NA,NA,100,200,400,450,500,600,800,0,50,100,100,200,250,300,44.729,4.67,NA,NA,NA,micro,NA,NA,1,5.6,0,0
2025-04-24T21:47:19Z,4,lenient,4,4,1,24,24,0,Female,Black,NA,20,NA,College degree or above,Yes,Student,NA,Yes,Yes but only for accuracy target,45,0,Too difficult to achieve target(s),NA,NA,NA,NA,NA,NA,NA,NA,NA,NA,NA,NA,NA,NA,NA,NA,36.261,NA,NA,NA,31.866,micro,NA,NA,1,4.8,0,0
2025-04-24T21:49:43Z,2,lenient,6,6,1,32,32,0,Male,White,NA,19,"200,000 and over",College degree or above,Yes,Student,NA,No,Yes for both targets.,NA,NA,NA,NA,No,350,500,1000,1000,1000,1000,1000,500,500,750,1000,1000,1000,1000,52.692,NA,28.43,NA,NA,micro,NA,NA,1,6.4,0,0
2025-04-24T21:53:03Z,3,strict,5,5,0,28,28,0,Male,Asian,NA,20,"120,000 - 199,999",College degree or above,Yes,Student,NA,No,Yes for both targets.,45,0,NA,NA,Yes,10,15,20,30,40,45,50,5,10,10,20,40,45,50,158.472,NA,NA,54.038,NA,micro,NA,NA,1,5.6,0,0
2025-04-24T22:08:46Z,2,lenient,4,4,0,25,25,1,Male,White,NA,20,"120,000 - 199,999",College degree or above,Yes,Student,NA,Yes,Yes for both targets.,45,0,NA,NA,Yes,0,0,0,1000,1000,1000,1000,0,0,0,0,1000,1000,1000,9.888,NA,24.117,NA,NA,micro,NA,NA,1,5,4,1
2025-04-24T22:23:08Z,1,strict,5,5,0,26,26,0,Female,Hispanic,NA,20,NA,College degree or above,Yes,Student,NA,No,NA,NA,0,NA,NA,NA,10,5,5,30,40,60,60,5,20,15,40,30,45,100,36.473,7.758,NA,NA,NA,micro,NA,NA,1,5.2,0,0
2025-04-24T23:51:46Z,4,lenient,5,5,0,24,24,0,Male,Asian,NA,19,"200,000 and over",College degree or above,Yes,Student,NA,No,Yes for both targets.,30,0,NA,NA,NA,200,200,350,300,500,400,300,200,200,100,300,200,250,300,2.021,NA,NA,NA,8.13,micro,NA,NA,1,4.8,0,0
2025-04-24T23:53:53Z,1,strict,5,4,1,27,27,3,Male,Mixed,White and Hispanic,20,"200,000 and over",College degree or above,Yes,Student,NA,No,NA,40,5,NA,NA,NA,0,0,0,0,0,0,0,0,0,0,0,0,0,0,31.409,1.696,NA,NA,NA,micro,Mixed,NA,1,5.4,11.11111111111111,11.11111111111111
2025-04-24T23:58:00Z,2,lenient,6,6,0,30,30,1,Female,Asian,NA,20,"75,000 - 119,999",College degree or above,Yes,Student,NA,No,Yes for both targets.,NA,0,NA,NA,Yes,0,10,15,70,20,50,100,10,20,30,40,60,70,80,33.11,NA,30.749,NA,NA,micro,NA,NA,1,6,3.3333333333333335,0.8333333333333334
2025-04-25T00:24:42Z,3,strict,4,3,1,25,25,2,Male,White,NA,NA,NA,College degree or above,Yes,Student,NA,No,Yes for both targets.,NA,NA,NA,NA,Yes,50,50,100,150,100,150,300,NA,NA,NA,NA,NA,NA,NA,35.927,NA,NA,99.365,NA,micro,NA,NA,1,5,8,8
2025-04-25T01:30:16Z,1,strict,4,4,0,25,25,0,Male,Asian,NA,20,"0 - 24,999",College degree or above,Yes,Student,NA,Yes,NA,20,0,NA,NA,NA,500,500,1000,1000,1000,1000,1000,100,500,750,950,1000,600,900,1.939,2.838,NA,NA,NA,micro,NA,NA,1,5,0,0
2025-04-25T01:36:29Z,2,lenient,5,5,0,28,28,0,Female,White,NA,23,"0 - 24,999",College degree or above,Yes,Student,NA,No,Yes but only for accuracy target,NA,NA,NA,NA,NA,NA,NA,NA,NA,NA,NA,NA,NA,NA,NA,NA,NA,NA,NA,7.317,NA,22.103,NA,NA,micro,NA,NA,1,5.6,0,0
2025-04-25T01:37:11Z,1,strict,6,6,0,26,26,1,Male,Hispanic,NA,20,"120,000 - 199,999",College degree or above,Yes,Student,NA,Yes,NA,20,1,NA,NA,NA,0,5,5,5,5,10,10,5,10,10,20,10,20,20,2.465,3.036,NA,NA,NA,micro,NA,NA,1,5.2,3.8461538461538463,3.8461538461538463
2025-04-25T01:44:22Z,3,strict,6,6,0,25,25,0,Male,Hispanic,NA,20,NA,College degree or above,Yes,Student,NA,NA,NA,NA,NA,NA,NA,Yes,NA,NA,NA,NA,NA,NA,NA,NA,NA,NA,NA,NA,NA,NA,2.189,NA,NA,62.344,NA,micro,NA,NA,1,5,0,0
2025-04-25T01:47:30Z,4,lenient,5,5,0,28,28,1,Female,Asian,NA,20,"200,000 and over",College degree or above,Yes,Student,NA,No,Yes for both targets.,30,5,NA,NA,NA,10,10,20,100,100,200,400,10,20,20,20,20,20,300,49.587,NA,NA,NA,8.05,micro,NA,NA,1,5.6,3.571428571428571,0.8928571428571428
2025-04-25T01:55:19Z,4,lenient,3,3,0,17,17,0,Male,White,NA,20,"0 - 24,999",College degree or above,Yes,Student,NA,No,Yes for both targets.,NA,NA,NA,NA,NA,0,0,0,0,0,0,0,0,0,0,0,0,0,0,27.577,NA,NA,NA,21.961,micro,NA,NA,1,3.4,0,0
2025-04-25T02:42:57Z,3,strict,5,5,0,25,25,0,Male,Asian,NA,NA,NA,College degree or above,Yes,Student,NA,Yes,Yes for both targets.,NA,NA,NA,NA,No,NA,NA,NA,10,NA,20,30,NA,NA,NA,NA,20,NA,30,2.86,NA,NA,13.195,NA,micro,NA,NA,1,5,0,0
2025-04-25T03:20:16Z,1,strict,5,5,0,30,29,1,Male,Asian,NA,20,"75,000 - 119,999",College degree or above,Yes,Student,NA,Yes,NA,NA,1,NA,NA,NA,100,200,200,300,600,500,800,100,150,200,250,300,400,1000,4.365,4.619,NA,NA,NA,micro,NA,NA,0.9666666666666667,5.8,3.3333333333333335,3.3333333333333335
2025-04-25T04:05:00Z,2,lenient,5,5,1,26,26,2,Male,Asian,NA,21,"200,000 and over",College degree or above,Yes,Student,NA,Yes,Yes for both targets.,30,3,NA,NA,No,0,50,10,1000,1000,50,1000,20,20,100,150,150,300,200,32.605,NA,33.243,NA,NA,micro,NA,NA,1,5.2,7.6923076923076925,1.9230769230769231
2025-04-25T04:10:41Z,4,lenient,4,4,0,30,30,1,Male,Hispanic,NA,21,"0 - 24,999",College degree or above,Yes,Student,NA,Yes,Yes but only for accuracy target,45,0,Other,Gave more priority to accuracy over speed,NA,0,0,100,150,500,750,1000,0,0,0,200,250,500,1000,52.928,NA,NA,NA,86.358,micro,NA,NA,1,6,3.3333333333333335,0.8333333333333334
2025-04-25T05:11:50Z,1,strict,4,4,0,23,23,0,Female,White,NA,21,"0 - 24,999",College degree or above,Yes,Student,NA,Yes,NA,23,0,NA,NA,NA,0,75,100,125,150,175,200,NA,30,40,60,80,100,200,55.684,15.082,NA,NA,NA,micro,NA,NA,1,4.6,0,0
2025-04-25T13:15:17Z,4,lenient,4,4,1,25,25,0,Female,White,Middle Eastern (Arab),20,"200,000 and over",College degree or above,Yes,Student,NA,No,Yes for both targets.,NA,0,NA,NA,NA,0,0,10,48,40,35,35,0,0,0,0,0,30,30,55.812,NA,NA,NA,17.508,micro,White,NA,1,5,0,0
2025-04-25T14:54:34Z,1,strict,5,5,0,17,17,1,Male,Asian,NA,20,"200,000 and over",College degree or above,Yes,Student,NA,No,NA,15,1,NA,NA,NA,0,0,0,0,100,100,500,0,200,200,300,450,450,500,2.455,1.138,NA,NA,NA,micro,NA,NA,1,3.4,5.88235294117647,5.88235294117647
2025-04-25T15:29:04Z,2,strict,6,6,3,31,31,4,Female,Asian,NA,19,NA,College degree or above,Yes,Student,NA,No,Yes for both targets.,45,4,NA,NA,Yes,40,40,40,40,40,40,40,10,10,10,10,10,10,10,1.813,NA,44.227,NA,NA,micro,NA,NA,1,6.2,12.903225806451612,12.903225806451612
2025-04-25T15:38:30Z,3,strict,5,5,0,25,25,0,Male,Hispanic,NA,20,"200,000 and over",College degree or above,Yes,Student,NA,Yes,Yes for both targets.,15,0,NA,NA,Yes,25,25,25,25,40,50,40,25,30,30,30,30,30,30,18.282,NA,NA,20.787,NA,micro,NA,NA,1,5,0,0
2025-04-25T15:50:41Z,3,lenient,6,6,6,26,26,3,Male,White,NA,NA,NA,College degree or above,Yes,Student,NA,No,NA,NA,NA,NA,NA,NA,NA,NA,NA,NA,NA,NA,NA,NA,NA,NA,NA,NA,NA,NA,61.229,NA,NA,44.104,NA,micro,NA,NA,1,5.2,11.538461538461538,2.8846153846153846
2025-04-25T15:58:45Z,1,strict,7,6,1,24,24,0,Female,Asian,NA,NA,NA,College degree or above,Yes,Student,NA,No,NA,NA,NA,NA,NA,NA,NA,NA,NA,NA,NA,NA,NA,10,10,10,10,10,10,10,266.716,6.197,NA,NA,NA,micro,NA,NA,1,4.8,0,0
2025-04-25T16:53:16Z,1,strict,5,5,0,27,27,0,Male,Asian,NA,19,"200,000 and over",College degree or above,Yes,Student,NA,No,NA,25,0,NA,NA,NA,0,0,0,0,1000,1000,1000,0,0,0,0,0,0,0,89181.841,1.723,NA,NA,NA,micro,NA,NA,1,5.4,0,0
2025-04-25T18:30:38Z,3,strict,8,8,8,35,35,5,Male,Asian,NA,20,"200,000 and over",College degree or above,Yes,Student,NA,Yes,Yes for both targets.,45,5,NA,NA,Yes,0,50,100,100,150,200,250,0,20,60,80,100,200,250,25.577,NA,NA,47.87,NA,micro,NA,NA,1,7,14.285714285714285,14.285714285714285
2025-04-25T18:53:39Z,2,strict,4,4,0,19,19,0,Male,Hispanic,NA,19,"200,000 and over",College degree or above,Yes,Student,NA,No,Yes for both targets.,20,0,NA,NA,No,35,30,29,30,28,28,25,25,25,22,20,19,18,16,51.895,NA,74.969,NA,NA,micro,NA,NA,1,3.8,0,0
2025-04-25T18:56:27Z,3,strict,4,4,0,26,26,2,Male,White,NA,21,"200,000 and over",College degree or above,Yes,Student,NA,Yes,Yes for both targets.,45,NA,NA,NA,Yes,20,13,100,40,50,100,100,0,0,0,0,0,0,0,37.27,NA,NA,76.057,NA,micro,NA,NA,1,5.2,7.6923076923076925,7.6923076923076925
2025-04-25T18:59:47Z,2,lenient,3,3,0,12,12,0,Female,Hispanic,NA,20,"75,000 - 119,999",College degree or above,Yes,Student,NA,Yes,Yes for both targets.,2,3,NA,NA,Yes,1,2,3,8,9,10,5,2,3,20,30,2,15,10,134.291,NA,21.825,NA,NA,micro,NA,NA,1,2.4,0,0
2025-04-25T21:04:02Z,4,lenient,4,4,0,22,22,0,Female,Mixed,Mixed,20,NA,College degree or above,Yes,Student,NA,No,Yes but only for accuracy target,40,NA,NA,NA,NA,NA,NA,NA,NA,NA,NA,NA,NA,NA,NA,NA,NA,NA,NA,12.648,NA,NA,NA,43.759,micro,Mixed,NA,1,4.4,0,0
2025-04-26T00:03:15Z,2,lenient,4,4,0,22,22,0,Male,Asian,NA,19,"200,000 and over",College degree or above,Yes,Student,NA,No,Yes but only for accuracy target,25,0,Too difficult to achieve target(s),NA,Yes,100,100,100,100,100,100,100,100,100,100,100,100,100,100,13.824,NA,21.432,NA,NA,micro,NA,NA,1,4.4,0,0
2025-04-26T00:46:47Z,1,strict,2,2,0,22,22,5,Female,Asian,NA,19,"200,000 and over",College degree or above,Yes,Student,NA,No,NA,NA,0,NA,NA,NA,100,500,500,500,1000,1000,1000,100,20,100,100,500,500,1000,8.672,6.071,NA,NA,NA,micro,NA,NA,1,4.4,22.727272727272727,22.727272727272727
2025-04-26T01:18:48Z,4,lenient,6,6,6,29,29,2,Female,White,NA,20,NA,College degree or above,Yes,Student,NA,No,Yes but only for accuracy target,45,5,Too difficult to achieve target(s),NA,NA,45,50,50,55,57,60,65,15,15,20,50,15,50,50,20.864,NA,NA,NA,30.156,micro,NA,NA,1,5.8,6.896551724137931,1.7241379310344827
2025-04-26T03:07:20Z,2,strict,5,5,1,31,31,0,Male,White,Middle Eastern,19,"120,000 - 199,999",College degree or above,Yes,Student,NA,No,Yes for both targets.,45,0,NA,NA,No,100,150,400,400,500,1000,1000,20,60,50,75,90,100,150,24.451,NA,38.675,NA,NA,micro,White,NA,1,6.2,0,0
2025-04-26T04:16:10Z,4,lenient,5,5,0,35,35,1,Non-binary,Asian,NA,20,"200,000 and over",College degree or above,Yes,Student,NA,Yes,Yes but only for accuracy target,45,1,Too difficult to achieve target(s),NA,NA,125,175,250,325,400,450,500,100,150,200,250,350,450,500,26.097,NA,NA,NA,31.813,micro,NA,NA,1,7,2.857142857142857,0.7142857142857143
2025-04-26T15:42:21Z,4,lenient,5,5,0,22,22,1,Female,Asian,NA,21,"200,000 and over",College degree or above,Yes,Student,NA,No,Yes but only for accuracy target,NA,1,NA,only cared about accuracy,NA,NA,NA,NA,NA,NA,NA,NA,NA,NA,NA,NA,NA,NA,NA,27.411,NA,NA,NA,146.559,micro,NA,NA,1,4.4,4.545454545454546,1.1363636363636365
2025-04-26T18:43:19Z,2,strict,5,5,0,29,29,2,Female,Asian,NA,19,"200,000 and over",College degree or above,Yes,Student,NA,No,Yes for both targets.,NA,NA,NA,NA,Yes,20,20,20,15,15,20,50,10,30,20,20,10,15,40,13.072,NA,16.805,NA,NA,micro,NA,NA,1,5.8,6.896551724137931,6.896551724137931
2025-04-26T20:27:43Z,1,strict,5,5,0,34,34,0,Male,Mixed,Pakistani + Caucasian,21,"120,000 - 199,999",College degree or above,Yes,Student,NA,Yes,NA,NA,0,NA,NA,NA,20,20,20,20,100,150,800,20,20,20,20,20,20,800,35.039,7.953,NA,NA,NA,micro,Mixed,NA,1,6.8,0,0
2025-04-26T20:29:12Z,3,strict,5,5,0,23,23,1,Male,White,NA,21,"200,000 and over",College degree or above,Yes,Student,NA,No,Yes for both targets.,NA,NA,NA,NA,Yes,300,NA,400,800,600,500,1000,200,500,1000,500,550,400,1000,29.037,NA,NA,24.844,NA,micro,NA,NA,1,4.6,4.3478260869565215,4.3478260869565215
2025-04-26T22:44:46Z,4,lenient,5,5,0,27,27,0,Male,White,Arab,19,"200,000 and over",College degree or above,Yes,Student,NA,No,Yes for both targets.,30,0,NA,NA,NA,5,7.5,10,12.5,15,17.5,25,10,15,20,25,30,30,34,96045.862,NA,NA,NA,25.53,micro,White,NA,1,5.4,0,0
2025-04-27T04:36:04Z,3,lenient,5,5,0,29,29,4,Female,Asian,NA,NA,"200,000 and over",College degree or above,Yes,Student,NA,No,Yes for both targets.,25,4,NA,NA,No,2,70,70,70,70,100,150,20,20,40,100,120,150,150,5.101,NA,NA,68.946,NA,micro,NA,NA,1,5.8,13.793103448275861,3.4482758620689653
2025-04-27T14:32:12Z,3,strict,7,7,0,33,33,1,Male,Asian,NA,21,"200,000 and over",College degree or above,Yes,Student,NA,No,Yes for both targets.,45,3,NA,NA,No,50,100,100,100,200,200,200,30,30,30,30,1000,1000,1000,7.52,NA,NA,111.766,NA,micro,NA,NA,1,6.6,3.0303030303030303,3.0303030303030303
2025-04-27T19:43:30Z,3,strict,4,4,0,28,28,3,Female,White,NA,19,"200,000 and over",College degree or above,Yes,Student,NA,Yes,Yes but only for accuracy target,20,3,Too difficult to achieve target(s),NA,No,NA,NA,NA,NA,NA,NA,NA,NA,NA,NA,NA,NA,NA,NA,129.372,NA,NA,53.02,NA,micro,NA,NA,1,5.6,10.714285714285714,10.714285714285714
2025-04-27T21:09:37Z,1,strict,5,5,0,30,30,0,Male,White,NA,19,"200,000 and over",College degree or above,Yes,Student,NA,Yes,NA,NA,NA,NA,NA,NA,1000,900,800,700,600,500,300,NA,NA,NA,NA,NA,NA,NA,21.444,9.142,NA,NA,NA,micro,NA,NA,1,6,0,0
2025-04-27T21:33:53Z,1,strict,6,6,0,30,30,2,Male,Asian,NA,19,"200,000 and over",College degree or above,Yes,Student,NA,No,NA,15,2,NA,NA,NA,1000,1000,1000,1000,1000,1000,1000,1000,1000,1000,1000,1000,1000,1000,87.164,1.734,NA,NA,NA,micro,NA,NA,1,6,6.666666666666667,6.666666666666667
2025-04-27T21:56:48Z,2,lenient,5,5,0,25,25,6,Female,Asian,NA,NA,NA,College degree or above,Yes,Student,NA,No,Yes but only for accuracy target,NA,1,Too difficult to achieve target(s),NA,No,0,3,5,7,15,20,20,0,3,5,8,10,10,15,24.536,NA,46.834,NA,NA,micro,NA,NA,1,5,24,6
2025-04-27T23:36:07Z,1,strict,4,4,0,61,8,54,Male,White,NA,21,"200,000 and over",College degree or above,Yes,Student,NA,No,NA,NA,NA,NA,NA,NA,1000,1000,1000,1000,1000,1000,1000,1000,1000,1000,1000,1000,1000,1000,2.907,1.203,NA,NA,NA,micro,NA,NA,0.13114754098360656,1.6,88.52459016393442,88.52459016393442
2025-04-27T23:43:12Z,1,strict,6,6,1,32,32,0,Male,White,NA,19,"200,000 and over",College degree or above,Yes,Student,NA,No,NA,NA,0,NA,NA,NA,200,100,200,100,200,100,200,100,100,200,100,100,100,200,17.663,12.957,NA,NA,NA,micro,NA,NA,1,6.4,0,0
2025-04-28T00:43:04Z,2,lenient,6,6,0,33,33,3,Male,Hispanic,NA,19,"25,000 - 49,999",College degree or above,Yes,Student,NA,No,Yes for both targets.,45,5,NA,NA,Yes,50,500,1000,800,1000,1000,1000,100,400,500,1000,1000,1000,750,11.472,NA,17.692,NA,NA,micro,NA,NA,1,6.6,9.090909090909092,2.272727272727273
2025-04-28T00:44:01Z,2,lenient,7,7,5,33,33,2,Male,Mixed,White + Asian,20,"200,000 and over",College degree or above,Yes,Student,NA,Yes,Yes for both targets.,45,5,NA,NA,Yes,NA,NA,NA,NA,NA,NA,NA,NA,NA,NA,NA,NA,NA,NA,2.616,NA,13.16,NA,NA,micro,Mixed,NA,1,6.6,6.0606060606060606,1.5151515151515151
2025-04-28T03:17:51Z,2,lenient,4,4,0,22,22,0,Male,White,NA,19,"200,000 and over",College degree or above,Yes,Student,NA,Yes,Yes for both targets.,25,0,NA,NA,Yes,250,500,750,750,1000,1000,1000,100,100,300,300,300,300,300,6.067,NA,14.908,NA,NA,micro,NA,NA,1,4.4,0,0
2025-04-28T12:32:26Z,1,strict,8,8,8,36,34,36,Male,White,NA,19,"200,000 and over",College degree or above,Yes,Student,NA,No,NA,NA,NA,NA,NA,NA,5,15,7,17,9,20,25,10,20,12,15,20,15,50,6.8,1.584,NA,NA,NA,micro,NA,NA,0.9444444444444444,6.8,100,100
2025-04-28T14:00:09Z,4,lenient,6,6,0,30,30,4,Male,White,NA,20,"120,000 - 199,999",College degree or above,Yes,Student,NA,No,Yes but only for accuracy target,NA,0,Too difficult to achieve target(s),NA,NA,1000,1000,1000,1000,1000,1000,1000,500,1000,1000,1000,1000,1000,1000,41.554,NA,NA,NA,28.674,micro,NA,NA,1,6,13.333333333333334,3.3333333333333335
2025-04-28T14:44:20Z,3,strict,5,5,0,29,28,1,Male,White,NA,20,"75,000 - 119,999",College degree or above,Yes,Student,NA,No,Yes for both targets.,25,1,NA,NA,Yes,20,70,100,120,150,380,400,80,100,200,300,300,400,500,12.76,NA,NA,14.763,NA,micro,NA,NA,0.9655172413793104,5.6,3.4482758620689653,3.4482758620689653
2025-04-28T15:11:31Z,2,strict,7,7,0,32,32,2,Female,Asian,NA,20,"200,000 and over",College degree or above,Yes,Student,NA,No,Yes but only for accuracy target,45,4,NA,"I figured I was on the strict criterion, so I chose to aim for accuracy",Yes,5,10,10,10,25,25,50,10,15,15,15,40,40,50,22.726,NA,24.742,NA,NA,micro,NA,NA,1,6.4,6.25,6.25
2025-04-28T15:38:21Z,1,strict,4,4,0,23,23,0,Female,White,NA,19,"200,000 and over",College degree or above,Yes,Student,NA,No,NA,15,0,NA,NA,NA,0,0,0,0,0,0,0,0,0,0,0,0,0,0,6.644,1.5,NA,NA,NA,micro,NA,NA,1,4.6,0,0
2025-04-28T15:39:18Z,3,lenient,7,7,0,36,36,0,Male,Asian,NA,19,"200,000 and over",College degree or above,Yes,Student,NA,No,Yes for both targets.,NA,0,NA,NA,No,NA,NA,NA,NA,NA,NA,NA,NA,NA,NA,NA,NA,NA,NA,18.999,NA,NA,16.5,NA,micro,NA,NA,1,7.2,0,0
2025-04-28T15:44:40Z,2,lenient,4,4,0,22,22,0,Male,Asian,NA,22,"200,000 and over",College degree or above,Yes,Student,NA,No,Yes for both targets.,25,0,NA,NA,No,0,0,0,0,0,0,0,0,0,0,0,0,0,0,2.365,NA,29.926,NA,NA,micro,NA,NA,1,4.4,0,0
2025-04-28T15:47:29Z,4,strict,4,3,3,19,19,0,Female,Hispanic,NA,20,"50,000 - 74,999",College degree or above,Yes,Student,NA,Yes,Yes for both targets.,NA,0,NA,NA,NA,2,4,5,10,15,15,17,6,10,15,16,20,25,25,48.64,NA,NA,NA,23.749,micro,NA,NA,1,3.8,0,0
2025-04-28T15:51:53Z,3,strict,4,4,0,18,18,2,Male,White,NA,22,"120,000 - 199,999",College degree or above,Yes,Student,NA,No,Yes but only for accuracy target,20,0,Too difficult to achieve target(s),NA,Yes,0,0,0,0,1000,1000,1000,0,0,0,0,1000,1000,1000,27.538,NA,NA,45.589,NA,micro,NA,NA,1,3.6,11.11111111111111,11.11111111111111
2025-04-28T15:53:48Z,1,strict,4,4,0,23,23,1,Male,White,NA,29,"50,000 - 74,999",College degree or above,Yes,Student,NA,No,NA,NA,NA,NA,NA,NA,NA,NA,NA,NA,NA,NA,NA,NA,NA,NA,NA,NA,NA,NA,7.52,3.166,NA,NA,NA,micro,NA,NA,1,4.6,4.3478260869565215,4.3478260869565215
2025-04-28T16:12:06Z,4,lenient,5,5,0,17,17,0,Male,White,NA,19,"120,000 - 199,999",College degree or above,Yes,Student,NA,No,Yes for both targets.,20,0,NA,NA,NA,0,500,100,100,1000,1000,1000,10,121,390,223,233,500,500,8.264,NA,NA,NA,7.102,micro,NA,NA,1,3.4,0,0
2025-04-28T16:32:03Z,1,strict,5,5,0,29,29,5,Male,Asian,NA,20,"120,000 - 199,999",College degree or above,Yes,Student,NA,No,NA,NA,NA,NA,NA,NA,0,0,0,0,0,0,100,NA,NA,NA,NA,NA,NA,NA,2.801,2.168,NA,NA,NA,micro,NA,NA,1,5.8,17.24137931034483,17.24137931034483
2025-04-28T16:40:55Z,4,strict,2,2,0,33,33,1,Male,Asian,NA,21,"200,000 and over",College degree or above,Yes,Student,NA,Yes,Yes for both targets.,45,3,NA,NA,NA,5,50,5,1000,1000,1000,1000,100,1000,100,1000,1000,1000,1000,5.715,NA,NA,NA,946.514,micro,NA,NA,1,6.6,3.0303030303030303,3.0303030303030303
2025-04-28T17:01:22Z,1,strict,5,5,0,27,27,1,Female,White,NA,20,"200,000 and over",College degree or above,Yes,Student,NA,Yes,NA,25,1,NA,NA,NA,500,500,800,775,750,900,1000,200,500,350,500,750,1000,1000,57.956,5.558,NA,NA,NA,micro,NA,NA,1,5.4,3.7037037037037033,3.7037037037037033
2025-04-28T17:33:18Z,4,lenient,3,3,0,27,27,0,Male,Mixed,Mixed (Black & White),NA,"75,000 - 119,999",College degree or above,Yes,Student,NA,No,Yes for both targets.,NA,0,NA,NA,NA,0,0,0,0,0,0,500,0,0,0,0,0,0,500,4.157,NA,NA,NA,4.219,micro,Mixed,NA,1,5.4,0,0
2025-04-28T18:35:54Z,4,lenient,5,5,0,27,27,4,Male,Asian,NA,19,NA,College degree or above,Yes,Student,NA,No,Yes for both targets.,45,4,NA,NA,NA,200,500,600,800,1000,1000,1000,10,10,50,34,30,50,100,348.196,NA,NA,NA,47.543,micro,NA,NA,1,5.4,14.814814814814813,3.7037037037037033
2025-04-28T19:09:35Z,2,strict,5,5,0,27,27,1,Male,Asian,NA,21,"75,000 - 119,999",College degree or above,Yes,Student,NA,No,Yes for both targets.,NA,NA,NA,NA,Yes,NA,NA,NA,NA,NA,NA,NA,NA,NA,NA,NA,NA,NA,NA,7.59,NA,79.739,NA,NA,micro,NA,NA,1,5.4,3.7037037037037033,3.7037037037037033
2025-04-28T20:31:04Z,2,lenient,3,3,0,19,19,0,Male,Asian,NA,23,"200,000 and over",College degree or above,Yes,Student,NA,No,Yes but only for accuracy target,30,0,NA,no time,Yes,10,10,20,10,20,20,30,10,15,10,20,20,25,20,6.542,NA,42.182,NA,NA,micro,NA,NA,1,3.8,0,0
2025-04-28T21:12:31Z,3,strict,3,3,0,21,19,3,Male,White,NA,21,"200,000 and over",College degree or above,Yes,Student,NA,Yes,Yes for both targets.,15,3,NA,NA,Yes,NA,NA,NA,NA,NA,NA,NA,NA,NA,NA,NA,NA,NA,NA,7.195,NA,NA,5.939,NA,micro,NA,NA,0.9047619047619048,3.8,14.285714285714285,14.285714285714285
2025-04-28T22:19:19Z,1,strict,5,5,0,6,6,0,Male,Mixed,Mixed,19,"120,000 - 199,999",College degree or above,Yes,Student,NA,Yes,NA,7,0,NA,NA,NA,200,500,400,800,1000,1000,1000,900,1000,1000,1000,1000,1000,1000,16.382,10.223,NA,NA,NA,micro,Mixed,NA,1,1.2,0,0
2025-04-29T11:07:58Z,2,lenient,5,5,1,34,34,0,Male,Black,NA,21,NA,College degree or above,Yes,Student,NA,Yes,Yes for both targets.,45,0,NA,NA,Yes,100,150,200,250,300,350,400,100,150,200,250,300,350,400,40.125,NA,115.004,NA,NA,micro,NA,NA,1,6.8,0,0
2025-04-29T12:12:28Z,4,lenient,4,4,0,23,23,1,Male,Black,NA,19,"200,000 and over",College degree or above,Yes,Student,NA,No,Yes but only for accuracy target,45,0,NA,NA,NA,NA,NA,NA,NA,NA,NA,NA,NA,NA,NA,NA,NA,NA,NA,7.682,NA,NA,NA,29.632,micro,NA,NA,1,4.6,4.3478260869565215,1.0869565217391304
2025-04-29T12:12:43Z,4,lenient,3,3,0,23,23,1,Female,Hispanic,NA,19,"200,000 and over",College degree or above,Yes,Student,NA,No,Yes but only for accuracy target,21,1,Too difficult to understand/ recall target(s),NA,NA,20,20,17,20,20,20,25,15,20,20,30,30,15,30,4.208,NA,NA,NA,12.015,micro,NA,NA,1,4.6,4.3478260869565215,1.0869565217391304
2025-04-29T12:14:06Z,1,strict,3,3,0,23,23,0,Female,White,NA,19,"120,000 - 199,999",College degree or above,Yes,Student,NA,No,NA,20,0,NA,NA,NA,50,100,100,100,300,400,500,100,100,125,100,200,400,500,8.345,1.164,NA,NA,NA,micro,NA,NA,1,4.6,0,0
2025-04-29T12:14:08Z,1,strict,13,0,13,25,24,25,Female,White,NA,19,"200,000 and over",College degree or above,Yes,Student,NA,No,NA,10,0,NA,NA,NA,300,460,450,500,669,760,800,457,250,567,600,477,1000,1000,2.658,0.518,NA,NA,NA,micro,NA,NA,0.96,4.8,100,100
2025-04-29T12:15:19Z,4,lenient,5,5,0,24,24,0,Male,Asian,NA,NA,NA,College degree or above,Yes,Student,NA,No,Yes but only for accuracy target,NA,NA,NA,NA,NA,NA,NA,NA,NA,NA,NA,NA,NA,NA,NA,NA,NA,NA,NA,3.437,NA,NA,NA,51.476,micro,NA,NA,1,4.8,0,0
2025-04-29T12:15:45Z,4,lenient,5,5,1,22,22,2,Female,White,NA,19,NA,College degree or above,Yes,Student,NA,No,Yes but only for accuracy target,30,4,Too difficult to achieve target(s),NA,NA,100,100,250,500,500,500,500,100,100,500,500,500,500,500,42.657,NA,NA,NA,36.33,micro,NA,NA,1,4.4,9.090909090909092,2.272727272727273
2025-04-29T12:16:41Z,1,strict,6,6,0,28,28,3,Male,Asian,NA,20,"75,000 - 119,999",College degree or above,Yes,Student,NA,No,NA,NA,NA,NA,NA,NA,NA,NA,NA,NA,NA,NA,NA,NA,NA,NA,NA,NA,NA,NA,25.412,6.101,NA,NA,NA,micro,NA,NA,1,5.6,10.714285714285714,10.714285714285714
2025-04-29T12:27:41Z,1,strict,5,5,2,29,29,2,Male,Asian,NA,20,"200,000 and over",College degree or above,Yes,Student,NA,No,NA,30,2,NA,NA,NA,200,400,500,700,800,900,1000,400,500,600,700,750,800,1000,4.858,1.642,NA,NA,NA,micro,NA,NA,1,5.8,6.896551724137931,6.896551724137931
2025-04-29T13:55:04Z,3,strict,3,3,0,16,16,1,Female,White,NA,20,"200,000 and over",College degree or above,Yes,Student,NA,Yes,Yes but only for accuracy target,NA,NA,Too difficult to achieve target(s),NA,Yes,NA,NA,NA,NA,NA,NA,NA,NA,NA,NA,NA,NA,NA,NA,2.218,NA,NA,42.378,NA,micro,NA,NA,1,3.2,6.25,6.25
2025-04-29T14:11:34Z,3,strict,2,2,0,15,15,1,Male,White,NA,20,"200,000 and over",College degree or above,Yes,Student,NA,No,Yes but only for accuracy target,NA,NA,Did not care about target(s),NA,Yes,1000,1000,1000,1000,1000,1000,1000,80,90,80,90,60,60,70,15.828,NA,NA,2.813,NA,micro,NA,NA,1,3,6.666666666666667,6.666666666666667
2025-04-29T15:17:35Z,2,strict,5,5,0,26,26,0,Male,Asian,NA,20,"200,000 and over",College degree or above,Yes,Student,NA,No,Yes for both targets.,NA,NA,NA,NA,No,NA,NA,NA,NA,NA,NA,NA,NA,NA,NA,NA,NA,NA,NA,4.878,NA,7.764,NA,NA,micro,NA,NA,1,5.2,0,0
2025-04-29T15:25:31Z,1,strict,4,4,0,19,19,0,NA,NA,NA,NA,NA,College degree or above,Yes,Student,NA,Yes,NA,NA,0,NA,NA,NA,NA,NA,NA,NA,NA,NA,NA,NA,NA,NA,NA,NA,NA,NA,2.218,11.672,NA,NA,NA,micro,NA,NA,1,3.8,0,0
2025-04-29T16:38:19Z,3,strict,5,5,1,25,25,3,Female,White,NA,20,"200,000 and over",College degree or above,Yes,Student,NA,Yes,Yes but only for accuracy target,NA,NA,Did not care about target(s),NA,No,0,0,0,0,0,0,0,0,0,0,0,0,0,0,8.948,NA,NA,12.684,NA,micro,NA,NA,1,5,12,12
2025-04-29T16:54:05Z,2,lenient,4,4,0,18,18,1,Female,Black,NA,19,"25,000 - 49,999",College degree or above,Yes,Student,NA,No,Yes but only for accuracy target,NA,0,Other,NA,No,2,1,5,3,5,7,7,NA,NA,NA,NA,NA,NA,NA,41.668,NA,41.091,NA,NA,micro,NA,NA,1,3.6,5.555555555555555,1.3888888888888888
2025-04-29T17:50:29Z,2,strict,8,8,1,41,41,2,Male,Asian,NA,22,"200,000 and over",College degree or above,Yes,Student,NA,Yes,Yes for both targets.,45,0,NA,NA,Yes,1000,1000,1000,1000,1000,1000,1000,500,500,600,650,1000,1000,1000,33.836,NA,20.731,NA,NA,micro,NA,NA,1,8.2,4.878048780487805,4.878048780487805
2025-04-29T19:59:33Z,1,strict,7,7,0,34,34,0,Male,Hispanic,NA,20,"75,000 - 119,999",College degree or above,Yes,Student,NA,Yes,NA,20,0,NA,NA,NA,500,1000,1000,1000,1000,1000,1000,500,300,500,500,450,1000,1000,17.749,9.255,NA,NA,NA,micro,NA,NA,1,6.8,0,0
2025-04-30T14:23:59Z,2,strict,3,3,1,22,22,1,Female,White,NA,21,"120,000 - 199,999",College degree or above,Yes,Student,NA,No,Yes but only for accuracy target,NA,NA,Too difficult to understand/ recall target(s),NA,No,20,20,20,20,20,20,20,20,20,20,20,20,20,20,6.477,NA,69.254,NA,NA,micro,NA,NA,1,4.4,4.545454545454546,4.545454545454546
2025-04-30T16:42:43Z,2,strict,6,6,3,34,34,6,Female,Asian,NA,19,"50,000 - 74,999",College degree or above,Yes,Student,NA,Yes,Yes for both targets.,40,10,NA,NA,No,45,45,45,45,45,45,45,45,45,45,45,45,45,45,526.053,NA,72.37,NA,NA,micro,NA,NA,1,6.8,17.647058823529413,17.647058823529413
2025-04-30T21:23:58Z,1,strict,5,5,0,26,26,0,Male,White,NA,19,"200,000 and over",College degree or above,Yes,Student,NA,No,NA,20,1.5,NA,NA,NA,0,0,0,0,100,100,100,0,0,0,0,0,0,0,23.352,3.596,NA,NA,NA,micro,NA,NA,1,5.2,0,0
2025-05-01T13:56:31Z,4,strict,4,4,0,18,18,0,NA,NA,NA,NA,NA,College degree or above,Yes,Student,NA,Yes,Yes but only for accuracy target,NA,NA,Did not care about target(s),NA,NA,NA,NA,NA,NA,NA,NA,NA,NA,NA,NA,NA,NA,NA,NA,45.812,NA,NA,NA,25.538,micro,NA,NA,1,3.6,0,0
2025-05-01T20:27:08Z,3,strict,4,4,1,22,22,2,Male,Hispanic,NA,20,"200,000 and over",College degree or above,Yes,Student,NA,No,Yes for both targets.,NA,NA,NA,NA,No,0,NA,0,1000,1000,1000,1000,0,0,0,0,1000,1000,1000,32.503,NA,NA,56.184,NA,micro,NA,NA,1,4.4,9.090909090909092,9.090909090909092
2025-05-03T21:58:57Z,1,strict,4,4,0,21,21,0,Male,Asian,NA,NA,NA,College degree or above,Yes,Student,NA,No,NA,NA,0,NA,NA,NA,50,70,80,800,700,900,950,600,200,100,700,400,500,900,72.527,4.688,NA,NA,NA,micro,NA,NA,1,4.2,0,0
2025-05-04T18:23:02Z,4,strict,5,5,0,30,30,1,Female,Asian,NA,19,"200,000 and over",College degree or above,Yes,Student,NA,No,Yes for both targets.,45,1,NA,NA,NA,30,70,50,50,80,100,50,50,50,100,100,60,50,100,7.581,NA,NA,NA,10.317,micro,NA,NA,1,6,3.3333333333333335,3.3333333333333335
2025-05-04T18:37:44Z,3,strict,5,5,0,22,22,1,Female,White,NA,20,"120,000 - 199,999",College degree or above,Yes,Student,NA,No,Yes for both targets.,45,1,NA,NA,Yes,5,50,50,50,100,100,200,50,50,100,100,50,100,50,18.474,NA,NA,57.268,NA,micro,NA,NA,1,4.4,4.545454545454546,4.545454545454546
2025-05-05T18:05:48Z,3,strict,4,4,0,28,28,4,Male,Asian,NA,20,"200,000 and over",College degree or above,Yes,Student,NA,NA,Yes for both targets.,NA,4,NA,NA,Yes,100,200,300,500,700,800,10000,10,30,40,500,200,800,1000,51.633,NA,NA,16.548,NA,micro,NA,NA,1,5.6,14.285714285714285,14.285714285714285
2025-05-06T14:33:47Z,2,lenient,5,4,1,27,27,0,NA,NA,NA,NA,NA,College degree or above,Yes,Student,NA,NA,NA,NA,NA,NA,NA,NA,NA,NA,NA,NA,NA,NA,NA,NA,NA,NA,NA,NA,NA,NA,6.947,NA,40.747,NA,NA,micro,NA,NA,1,5.4,0,0
2025-05-06T14:34:06Z,3,strict,6,6,6,26,26,7,Male,Mixed,Mixed,19,"200,000 and over",College degree or above,Yes,Student,NA,No,Yes but only for accuracy target,40,10,Too difficult to achieve target(s),NA,No,100,200,300,400,450,800,1000,100,100,200,300,400,1000,1000,21.199,NA,NA,36.371,NA,micro,Mixed,NA,1,5.2,26.923076923076923,26.923076923076923
2025-05-06T14:34:42Z,4,lenient,5,5,1,22,22,2,Male,White,NA,19,"200,000 and over",College degree or above,Yes,Student,NA,No,Yes for both targets.,45,4,NA,NA,NA,1000,1000,1000,1000,1000,1000,1000,1000,1000,1000,1000,1000,1000,1000,110.278,NA,NA,NA,35.048,micro,NA,NA,1,4.4,9.090909090909092,2.272727272727273
2025-05-06T14:34:58Z,4,lenient,4,4,1,21,21,0,Female,White,NA,19,"120,000 - 199,999",College degree or above,Yes,Student,NA,No,Yes but only for accuracy target,9,1,Too difficult to achieve target(s),NA,NA,0,0,20,10,10,20,20,0,0,0,0,0,NA,NA,6.984,NA,NA,NA,37.339,micro,NA,NA,1,4.2,0,0
2025-05-06T14:36:23Z,4,lenient,6,6,0,25,24,2,Male,White,NA,20,"200,000 and over",College degree or above,Yes,Student,NA,No,Yes but only for accuracy target,NA,NA,NA,NA,NA,NA,NA,NA,NA,NA,NA,NA,NA,NA,NA,NA,NA,NA,NA,5.225,NA,NA,NA,9.923,micro,NA,NA,0.96,4.8,8,2
2025-05-06T14:39:14Z,2,lenient,5,5,2,28,28,2,Female,White,NA,19,NA,College degree or above,Yes,Student,NA,No,Yes but only for accuracy target,NA,NA,NA,NA,Yes,5,8,10,10,10,10,15,NA,NA,NA,NA,NA,NA,NA,68.389,NA,63.524,NA,NA,micro,NA,NA,1,5.6,7.142857142857142,1.7857142857142856
2025-05-06T15:18:36Z,1,strict,3,3,0,15,15,1,Male,White,NA,21,"200,000 and over",College degree or above,Yes,Student,NA,No,NA,10,0,NA,NA,NA,NA,NA,NA,NA,NA,NA,NA,NA,NA,NA,NA,NA,NA,NA,21.147,9.554,NA,NA,NA,micro,NA,NA,1,3,6.666666666666667,6.666666666666667
2025-05-06T15:25:45Z,1,strict,5,5,1,24,24,0,Male,Asian,NA,21,"200,000 and over",College degree or above,Yes,Student,NA,No,NA,20,0,NA,NA,NA,10,10,10,10,10,10,20,10,10,10,50,50,50,50,28.615,3.296,NA,NA,NA,micro,NA,NA,1,4.8,0,0
2025-05-06T15:27:08Z,3,strict,8,4,7,20,20,1,Male,NA,NA,19,"200,000 and over",College degree or above,Yes,Student,NA,No,Yes for both targets.,NA,1,NA,NA,No,NA,NA,NA,NA,NA,NA,NA,200,400,1000,300,500,600,1000,4.287,NA,NA,12.55,NA,micro,NA,NA,1,4,5,5
2025-05-06T15:50:49Z,2,lenient,4,4,0,18,18,0,Female,Black,NA,21,"25,000 - 49,999",College degree or above,Yes,Student,NA,Yes,Yes for both targets.,NA,NA,NA,NA,No,0,0,0,0,0,0,0,1,1,1,1,1,11,1,18.329,NA,42.003,NA,NA,micro,NA,NA,1,3.6,0,0
2025-05-06T16:00:55Z,1,strict,4,4,0,20,20,0,NA,NA,NA,NA,NA,College degree or above,Yes,Student,NA,No,NA,NA,NA,NA,NA,NA,NA,NA,NA,NA,NA,NA,NA,NA,NA,NA,NA,NA,NA,NA,744.157,1.726,NA,NA,NA,micro,NA,NA,1,4,0,0
2025-05-06T16:32:21Z,2,lenient,5,5,0,34,30,4,Male,White,NA,21,"75,000 - 119,999",College degree or above,Yes,Student,NA,No,Yes for both targets.,50,4,NA,NA,Yes,0,1000,1000,1000,1000,1000,1000,0,0,1000,1000,1000,1000,1000,28.624,NA,36.364,NA,NA,micro,NA,NA,0.8823529411764706,6,11.76470588235294,2.941176470588235
2025-05-06T16:32:25Z,2,lenient,3,3,1,20,20,0,Male,Hispanic,NA,20,"200,000 and over",College degree or above,Yes,Student,NA,No,Yes for both targets.,20,0,NA,NA,No,1000,400,600,500,900,700,800,1000,1000,1000,1000,1000,1000,1000,13.449,NA,34.251,NA,NA,micro,NA,NA,1,4,0,0
2025-05-06T17:17:45Z,1,strict,6,6,0,27,27,0,Male,Asian,NA,20,"120,000 - 199,999",College degree or above,Yes,Student,NA,No,NA,25,0,NA,NA,NA,40,50,50,100,1000,200,200,NA,NA,NA,NA,NA,NA,NA,16.351,6.743,NA,NA,NA,micro,NA,NA,1,5.4,0,0
2025-05-06T18:13:55Z,3,strict,5,5,2,29,29,2,Female,White,NA,21,"200,000 and over",College degree or above,Yes,Student,NA,No,Yes but only for accuracy target,NA,NA,Did not care about target(s),NA,No,NA,NA,NA,NA,NA,NA,NA,NA,NA,NA,NA,NA,NA,NA,26.174,NA,NA,78.148,NA,micro,NA,NA,1,5.8,6.896551724137931,6.896551724137931
2025-05-06T19:18:40Z,3,lenient,2,2,1,27,27,2,Male,Asian,NA,21,"200,000 and over",College degree or above,Yes,Student,NA,Yes,No for both targets,45,4,Too difficult to achieve target(s),NA,Yes,200,400,300,500,500,700,600,400,600,400,300,500,800,600,2.248,NA,NA,76.455,NA,micro,NA,NA,1,5.4,7.4074074074074066,1.8518518518518516
2025-05-06T20:44:44Z,3,lenient,6,6,6,25,25,7,Male,White,NA,20,"200,000 and over",College degree or above,Yes,Student,NA,No,Yes but only for accuracy target,25,7,NA,NA,No,0,0,0,1000,1000,1000,1000,0,0,0,0,0,0,0,29.671,NA,NA,34.685,NA,micro,NA,NA,1,5,28.000000000000004,7.000000000000001
2025-05-06T21:20:40Z,1,strict,6,6,0,31,31,1,Male,White,NA,19,"200,000 and over",College degree or above,Yes,Student,NA,No,NA,NA,NA,NA,NA,NA,1000,1000,1000,1000,1000,1000,1000,500,1000,1000,1000,1000,1000,1000,23.144,7.165,NA,NA,NA,micro,NA,NA,1,6.2,3.225806451612903,3.225806451612903
2025-05-06T21:47:21Z,4,strict,3,3,0,21,21,0,Male,Asian,NA,19,"200,000 and over",College degree or above,Yes,Student,NA,No,Yes but only for accuracy target,NA,NA,Did not care about target(s),NA,NA,NA,NA,NA,NA,500,NA,NA,0,0,0,0,0,0,1000,5.751,NA,NA,NA,10.497,micro,NA,NA,1,4.2,0,0
2025-05-06T21:49:50Z,3,strict,6,6,1,26,26,0,Male,Black,NA,19,"120,000 - 199,999",College degree or above,Yes,Student,NA,Yes,Yes for both targets.,NA,NA,NA,NA,Yes,2,5,13,15,20,25,30,10,40,30,25,30,50,40,2.191,NA,NA,48.422,NA,micro,NA,NA,1,5.2,0,0
2025-05-06T23:15:38Z,2,lenient,6,6,0,32,32,0,Male,Hispanic,NA,19,"50,000 - 74,999",College degree or above,Yes,Student,NA,No,Yes for both targets.,45,0,NA,NA,Yes,1000,1000,1000,1000,1000,1000,1000,500,500,1000,1000,1000,1000,1000,281.75,NA,51.206,NA,NA,micro,NA,NA,1,6.4,0,0
2025-05-06T23:39:23Z,4,lenient,6,6,0,30,30,0,Male,Asian,NA,19,"200,000 and over",College degree or above,Yes,Student,NA,Yes,Yes for both targets.,30,0,NA,NA,NA,0,1000,1000,1000,10000,1000,1000,0,0,1000,0,1000,1000,1000,3.211,NA,NA,NA,3.256,micro,NA,NA,1,6,0,0
2025-05-06T23:59:55Z,2,strict,5,5,0,26,26,0,Male,White,NA,21,"200,000 and over",College degree or above,Yes,Student,NA,Yes,Yes for both targets.,NA,NA,NA,NA,No,1000,1000,1000,1000,1000,1000,1000,1000,1000,1000,1000,1000,1000,1000,5.694,NA,15.114,NA,NA,micro,NA,NA,1,5.2,0,0
2025-05-07T00:28:09Z,3,lenient,3,3,0,23,23,1,Male,Asian,NA,20,"200,000 and over",College degree or above,Yes,Student,NA,No,Yes for both targets.,NA,0,NA,NA,No,1000,1000,1000,1000,1000,1000,1000,1000,1000,1000,1000,1000,1000,1000,10.748,NA,NA,76.294,NA,micro,NA,NA,1,4.6,4.3478260869565215,1.0869565217391304
2025-05-07T02:50:03Z,1,strict,6,6,0,32,32,1,Female,White,NA,19,"200,000 and over",College degree or above,Yes,Student,NA,Yes,NA,25,0,NA,NA,NA,10,15,20,17,25,40,30,15,20,25,30,40,45,50,11.807,5.275,NA,NA,NA,micro,NA,NA,1,6.4,3.125,3.125
2025-05-07T03:03:48Z,3,strict,5,5,0,26,25,3,Male,Mixed,mixed,19,"200,000 and over",College degree or above,Yes,Student,NA,No,Yes but only for accuracy target,NA,0,Other,focused on the one that would break sooner,Yes,0,0,0,0,250,500,750,0,0,0,250,240,500,750,2.522,NA,NA,18.112,NA,micro,Mixed,NA,0.9615384615384616,5,11.538461538461538,11.538461538461538
2025-05-07T03:04:53Z,1,strict,5,5,0,31,31,1,Male,Asian,NA,23,"0 - 24,999",College degree or above,Yes,Student,NA,No,NA,NA,0,NA,NA,NA,0,0,0,400,100,600,1000,100,500,600,800,700,900,1000,15.951,1.03,NA,NA,NA,micro,NA,NA,1,6.2,3.225806451612903,3.225806451612903
2025-05-07T03:46:02Z,2,lenient,7,6,4,36,25,16,Female,Asian,NA,19,"200,000 and over",College degree or above,Yes,Student,NA,No,Yes for both targets.,20,16,NA,NA,Yes,2,70,70,70,70,100,150,20,20,40,100,120,150,150,3.246,NA,4.776,NA,NA,micro,NA,NA,0.6944444444444444,5,44.44444444444444,11.11111111111111
2025-05-07T04:51:35Z,2,strict,4,4,0,19,19,0,Female,White,NA,19,NA,College degree or above,Yes,Student,NA,No,Yes for both targets.,NA,NA,NA,NA,No,50,5,100,100,110,110,200,5,10,15,15,20,50,20,56.17,NA,76.004,NA,NA,micro,NA,NA,1,3.8,0,0
2025-05-07T15:14:39Z,4,lenient,5,5,1,30,30,3,Female,Asian,NA,19,"200,000 and over",College degree or above,Yes,Student,NA,No,Yes but only for accuracy target,30,5,Too difficult to understand/ recall target(s),NA,NA,100,200,300,400,600,800,1000,50,70,NA,100,300,400,700,3.759,NA,NA,NA,32.873,micro,NA,NA,1,6,10,2.5
2025-05-07T17:09:45Z,4,lenient,5,5,0,28,28,2,NA,NA,NA,NA,NA,College degree or above,Yes,Student,NA,NA,NA,NA,NA,NA,NA,NA,NA,NA,NA,NA,NA,NA,NA,NA,NA,NA,NA,NA,NA,NA,66.252,NA,NA,NA,11.009,micro,NA,NA,1,5.6,7.142857142857142,1.7857142857142856
2025-05-07T17:21:13Z,2,lenient,5,5,3,28,28,11,Male,White,NA,21,"200,000 and over",College degree or above,Yes,Student,NA,No,Yes but only for accuracy target,35,15,Too difficult to achieve target(s),NA,Yes,200,250,300,350,400,450,500,600,500,400,550,450,350,300,29.857,NA,86.043,NA,NA,micro,NA,NA,1,5.6,39.285714285714285,9.821428571428571
2025-05-07T17:50:16Z,1,strict,4,4,0,22,22,0,Female,Hispanic,NA,20,"50,000 - 74,999",College degree or above,Yes,Student,NA,No,NA,20,0,NA,NA,NA,1000,1000,800,800,600,1000,600,10,10,500,500,500,500,800,47.41,9.32,NA,NA,NA,micro,NA,NA,1,4.4,0,0
2025-05-07T18:34:40Z,4,lenient,4,4,0,30,30,0,Male,Hispanic,NA,NA,NA,College degree or above,Yes,Student,NA,No,Yes but only for accuracy target,45,0,Too difficult to achieve target(s),NA,NA,NA,NA,NA,NA,NA,NA,NA,NA,NA,NA,NA,NA,NA,NA,21.893,NA,NA,NA,40.42,micro,NA,NA,1,6,0,0
2025-05-07T19:10:42Z,3,strict,5,5,0,22,22,1,Female,Mixed,Asian & white,20,"75,000 - 119,999",College degree or above,Yes,Student,NA,Yes,Yes for both targets.,30,2,NA,NA,Yes,30,20,50,30,30,80,100,20,20,25,30,35,40,25,9.339,NA,NA,881.47,NA,micro,Mixed,NA,1,4.4,4.545454545454546,4.545454545454546
2025-05-07T19:29:35Z,4,lenient,5,5,4,19,19,0,Male,White,NA,21,"200,000 and over",College degree or above,Yes,Student,NA,No,Yes for both targets.,NA,0,NA,NA,NA,1000,1000,1000,1000,1000,1000,1000,1000,1000,1000,1000,1000,1000,1000,11.317,NA,NA,NA,19.563,micro,NA,NA,1,3.8,0,0
2025-05-07T20:14:12Z,4,lenient,6,6,2,29,29,1,Female,Asian,NA,20,NA,College degree or above,Yes,Student,NA,No,Yes but only for accuracy target,NA,1,NA,NA,NA,NA,NA,NA,NA,NA,NA,NA,NA,NA,NA,NA,NA,NA,NA,29.969,NA,NA,NA,29.516,micro,NA,NA,1,5.8,3.4482758620689653,0.8620689655172413
2025-05-07T23:03:26Z,1,strict,5,5,0,24,24,0,Male,Black,NA,23,"50,000 - 74,999",College degree or above,Yes,Student,NA,No,NA,NA,0,NA,NA,NA,50,100,125,150,200,176,500,5,10,150,50,150,200,300,14.017,1.668,NA,NA,NA,micro,NA,NA,1,4.8,0,0
2025-05-08T01:49:14Z,4,lenient,5,4,1,27,27,1,Female,Asian,NA,20,"75,000 - 119,999",College degree or above,Yes,Student,NA,Yes,Yes for both targets.,45,3,NA,NA,NA,1000,1000,1000,1000,1000,1000,1000,10,12,15,20,25,20,30,1721.457,NA,NA,NA,18.227,micro,NA,NA,1,5.4,3.7037037037037033,0.9259259259259258
2025-05-08T15:53:32Z,3,strict,4,4,0,26,26,0,Male,Hispanic,NA,22,"25,000 - 49,999",College degree or above,Yes,Student,NA,No,Yes for both targets.,NA,0,NA,NA,Yes,500,500,1000,1000,500,1000,1000,500,1000,1000,400,1000,1000,1000,20.984,NA,NA,11.077,NA,micro,NA,NA,1,5.2,0,0
2025-05-09T01:35:25Z,4,lenient,2,2,2,31,31,0,Male,Hispanic,NA,19,"120,000 - 199,999",College degree or above,Yes,Student,NA,No,Yes but only for accuracy target,NA,NA,Did not care about target(s),NA,NA,1000,1000,1000,1000,1000,1000,1000,1000,1000,1000,1000,1000,1000,1000,25.898,NA,NA,NA,47.542,micro,NA,NA,1,6.2,0,0
2025-05-10T00:13:24Z,1,strict,4,4,0,27,27,0,Male,Hispanic,NA,19,"200,000 and over",College degree or above,Yes,Student,NA,No,NA,NA,0,NA,NA,NA,2,3,4,5,6,7,8,1,3,4,5,6,7,8,25.317,7.151,NA,NA,NA,micro,NA,NA,1,5.4,0,0
2025-05-12T01:20:30Z,4,lenient,4,4,0,28,28,0,Female,Black,NA,21,"120,000 - 199,999",College degree or above,Yes,Student,NA,Yes,Yes for both targets.,NA,0,NA,NA,NA,10,40,50,40,46,48,50,10,12,10,40,50,47,45,40.913,NA,NA,NA,27.166,micro,NA,NA,1,5.6,0,0
